Activity Type,Date,Favorite,Title,Race,Distance,Calories,Time,Avg Run Cadence,Max Run Cadence,Avg Pace,Best Pace,Elev Gain,Elev Loss,Avg Stride Length,Avg Vertical Ratio,Avg Vertical Oscillation,Avg Bike Cadence,Training Stress ScoreÂ®,Grit,Flow,Bottom Time,Min Temp,Surface Interval,Decompression,Best Lap Time,Number of Runs,Max Temp
Running,9/29/2013 7:16,FALSE,Half Moon Bay Marathon,1,26.52,"2,220",4:40:20,--,--,10:34,6:25,"1,133","1,217",0,0,0,--,0,0,0,0:00,0,0:00,No,00:00.0,--,0
Running,7/27/2014 6:04,FALSE,San Francisco Marathon 2014,1,26.43,"2,167",4:06:56,--,--,9:21,5:53,"1,518","1,514",0,0,0,--,0,0,0,0:00,0,0:00,No,00:00.0,--,0
Running,10/8/2017 7:12,FALSE,Portland Marathon 2017,1,26.42,"2,079",3:58:04,188,201,9:01,6:25,588,591,0.95,0,0,--,0,0,0,0:00,0,0:00,No,00:00.0,--,0
Running,1/11/2015 6:01,FALSE,Disney World Marathon,1,26.42,"2,164",4:18:47,--,--,9:48,5:30,71,68,0,0,0,--,0,0,0,0:00,0,0:00,No,00:00.0,--,0
Running,12/4/2016 7:02,FALSE,California International Marathon 2016,1,26.34,"2,041",3:55:14,188,204,8:56,4:10,327,663,0.96,0,0,--,0,0,0,0:00,0,0:00,No,00:00.0,--,0
Running,10/4/2015 7:05,FALSE,Portland Marathon,1,26.19,"2,136",3:59:52,186,199,9:10,5:48,702,692,0.95,0,0,--,0,0,0,0:00,0,0:00,No,00:00.0,--,0
Running,6/13/2015 7:09,FALSE,Seattle Rock and Roll Marathon,1,25.46,"2,064",4:10:35,151,201,9:51,5:45,651,584,1.08,0,0,--,0,0,0,0:00,0,0:00,No,00:00.0,--,0
Running,8/31/2013 6:49,FALSE,Saturday morning long run,,21.37,"1,844",3:46:43,--,--,10:37,5:40,226,225,0,0,0,--,0,0,0,0:00,0,0:00,No,00:00.0,--,0
Running,10/29/2016 7:50,FALSE,Berkeley Running,,20.6,"1,595",3:29:25,175,243,10:10,7:16,543,704,0.91,0,0,--,0,0,0,0:00,0,0:00,No,00:00.0,--,0
Running,12/21/2014 7:51,FALSE,Berkeley Running,,20.32,"1,657",3:21:32,--,--,9:55,5:59,747,813,0,0,0,--,0,0,0,0:00,0,0:00,No,00:00.0,--,0
Running,8/17/2013 7:01,FALSE,Saturday morning long run,,20.21,"1,784",3:27:06,--,--,10:15,0:55,709,863,0,0,0,--,0,0,0,0:00,0,0:00,No,00:00.0,--,0
Running,11/12/2016 7:52,FALSE,Berkeley Running,,20.18,"1,562",3:23:56,174,243,10:06,6:24,486,709,0.91,0,0,--,0,0,0,0:00,0,0:00,No,00:00.0,--,0
Running,9/12/2015 6:08,FALSE,Berkeley Running,,20.13,"1,649",3:21:45,179,197,10:01,6:14,269,271,0.9,0,0,--,0,0,0,0:00,0,0:00,No,00:00.0,--,0
Running,5/15/2015 6:14,FALSE,Berkeley Running,,20.05,"1,640",3:16:39,--,--,9:48,6:59,707,770,0,0,0,--,0,0,0,0:00,0,0:00,No,00:00.0,--,0
Running,7/5/2014 7:41,FALSE,Untitled,,20.05,"1,633",3:08:28,--,--,9:24,6:57,646,751,0,0,0,--,0,0,0,0:00,0,0:00,No,00:00.0,--,0
Running,9/17/2017 7:19,FALSE,Oakland Running,,20.03,"1,560",3:39:09,164,199,10:57,5:42,603,722,0.89,0,0,--,0,0,0,0:00,0,0:00,No,00:00.0,--,0
Running,5/2/2015 7:23,FALSE,Berkeley Running,,19.16,"1,575",3:12:40,--,--,10:03,6:33,765,819,0,0,0,--,0,0,0,0:00,0,0:00,No,00:00.0,--,0
Running,12/7/2014 7:41,FALSE,Untitled,,19.14,"1,568",3:09:57,--,--,9:55,6:05,755,831,0,0,0,--,0,0,0,0:00,0,0:00,No,00:00.0,--,0
Running,8/29/2015 7:10,FALSE,Berkeley Running,,19.08,"1,560",3:25:07,171,195,10:45,7:13,802,928,0.88,0,0,--,0,0,0,0:00,0,0:00,No,00:00.0,--,0
Street Running,8/3/2013 5:43,FALSE,Saturday morning long run,,18.48,"1,617",3:04:23,--,--,9:59,2:39,466,791,0,0,0,--,0,0,0,0:00,0,0:00,No,00:00.0,--,0
Running,4/25/2015 8:00,FALSE,Berkeley Running,,18.22,"1,422",3:00:00,--,--,9:53,--,--,--,0,0,0,--,0,0,0,0:00,0,0:00,No,00:00.0,--,0
Running,11/23/2014 7:56,FALSE,Untitled,,18.22,"1,492",3:00:01,--,--,9:53,7:04,678,782,0,0,0,--,0,0,0,0:00,0,0:00,No,00:00.0,--,0
Running,6/7/2014 7:29,FALSE,Untitled,,18.18,"1,477",2:58:02,--,--,9:47,7:06,773,865,0,0,0,--,0,0,0,0:00,0,0:00,No,00:00.0,--,0
Running,8/15/2015 7:19,FALSE,Berkeley Running,,18.07,"1,474",3:17:14,170,195,10:55,6:51,658,761,0.87,0,0,--,0,0,0,0:00,0,0:00,No,00:00.0,--,0
Running,8/19/2017 7:40,FALSE,Oakland Running,,18.06,"1,416",3:02:36,174,242,10:07,6:09,577,638,0.92,0,0,--,0,0,0,0:00,0,0:00,No,00:00.0,--,0
Running,10/22/2016 7:31,FALSE,Berkeley Running,,18.03,"1,397",3:04:38,175,197,10:14,6:36,748,785,0.9,0,0,--,0,0,0,0:00,0,0:00,No,00:00.0,--,0
Running,4/18/2015 7:43,FALSE,Berkeley Running,,17.3,"1,407",2:48:00,--,--,9:43,5:09,580,696,0,0,0,--,0,0,0,0:00,0,0:00,No,00:00.0,--,0
Running,8/8/2015 7:27,FALSE,Berkeley Running,,17.29,"1,406",2:56:33,176,197,10:13,7:03,627,747,0.89,0,0,--,0,0,0,0:00,0,0:00,No,00:00.0,--,0
Running,11/9/2014 6:59,FALSE,Untitled,,17.22,"1,397",2:44:31,--,--,9:33,7:08,543,711,0,0,0,--,0,0,0,0:00,0,0:00,No,00:00.0,--,0
Running,5/31/2014 7:44,FALSE,Untitled,,17.2,"1,402",2:45:17,--,--,9:36,6:13,630,675,0,0,0,--,0,0,0,0:00,0,0:00,No,00:00.0,--,0
Running,8/12/2017 7:39,FALSE,Oakland Running,,17.06,"1,338",3:02:25,168,197,10:42,5:59,711,718,0.89,0,0,--,0,0,0,0:00,0,0:00,No,00:00.0,--,0
Running,10/15/2016 8:16,FALSE,Berkeley Running,,16.67,"1,302",2:44:03,179,195,9:50,6:01,525,700,0.91,0,0,--,0,0,0,0:00,0,0:00,No,00:00.0,--,0
Running,11/6/2016 7:52,FALSE,Alameda Running,,16.47,"1,279",2:38:49,180,243,9:38,7:04,38,44,0.93,0,0,--,0,0,0,0:00,0,0:00,No,00:00.0,--,0
Street Running,7/20/2013 5:55,FALSE,Untitled,,16.32,"1,416",2:41:03,--,--,9:52,2:44,610,495,0,0,0,--,0,0,0,0:00,0,0:00,No,00:00.0,--,0
Running,11/1/2014 8:26,FALSE,Untitled,,16.13,"1,317",2:30:21,--,--,9:19,6:41,42,46,0,0,0,--,0,0,0,0:00,0,0:00,No,00:00.0,--,0
Running,8/10/2013 7:04,FALSE,Saturday morning long run,,16.1,"1,424",2:41:33,--,--,10:02,4:06,584,548,0,0,0,--,0,0,0,0:00,0,0:00,No,00:00.0,--,0
Running,10/1/2016 7:06,FALSE,Alameda Running,,16.01,"1,240",2:39:34,176,195,9:58,7:22,40,43,0.92,0,0,--,0,0,0,0:00,0,0:00,No,00:00.0,--,0
Running,4/4/2015 7:28,FALSE,Berkeley Running,,15.72,"1,285",2:35:36,--,--,9:54,7:05,688,807,0,0,0,--,0,0,0,0:00,0,0:00,No,00:00.0,--,0
Running,7/25/2015 7:18,FALSE,Berkeley Running,,15.35,"1,253",2:33:38,134,198,10:01,7:41,551,727,1.2,0,0,--,0,0,0,0:00,0,0:00,No,00:00.0,--,0
Running,5/17/2014 6:41,FALSE,Untitled,,15.14,"1,241",2:29:45,--,--,9:54,6:39,505,682,0,0,0,--,0,0,0,0:00,0,0:00,No,00:00.0,--,0
Running,7/29/2017 7:07,FALSE,Oakland Running,,15.09,"1,197",2:35:15,175,197,10:17,4:53,672,690,0.89,0,0,--,0,0,0,0:00,0,0:00,No,00:00.0,--,0
Running,7/18/2015 7:10,FALSE,Berkeley Running,,14.42,"1,185",2:23:40,154,242,9:58,6:13,521,674,1.05,0,0,--,0,0,0,0:00,0,0:00,No,00:00.0,--,0
Running,5/10/2014 6:43,FALSE,Untitled,,14.33,"1,171",2:16:31,--,--,9:32,7:00,626,690,0,0,0,--,0,0,0,0:00,0,0:00,No,00:00.0,--,0
Running,11/20/2016 7:45,FALSE,Alameda Running,,14.05,"1,094",2:16:49,181,197,9:44,7:11,47,47,0.91,0,0,--,0,0,0,0:00,0,0:00,No,00:00.0,--,0
Running,9/24/2016 6:57,FALSE,Alameda Running,,14.01,"1,098",2:24:06,172,245,10:17,7:00,40,47,0.91,0,0,--,0,0,0,0:00,0,0:00,No,00:00.0,--,0
Running,11/24/2013 8:05,FALSE,Berkeley Half Marathon,1,13.28,"1,110",1:55:27,--,--,8:42,5:07,190,371,0,0,0,--,0,0,0,0:00,0,0:00,No,00:00.0,--,0
Running,5/5/2019 7:17,FALSE,Pittsburgh Half Marathon,1,13.25,"1,049",1:59:38,188,199,9:02,1:36,442,445,0.95,0,0,--,0,0,0,0:00,0,0:00,No,02:01.6,14,0
Running,6/22/2014 8:01,FALSE,See Jane Run Half 2014,1,13.25,"1,081",1:56:00,--,--,8:45,6:02,15,31,0,0,0,--,0,0,0,0:00,0,0:00,No,00:00.0,--,0
Running,1/10/2015 6:01,FALSE,Disney World Half Marathon,1,13.22,"1,082",2:02:40,--,--,9:17,4:19,7,3,0,0,0,--,0,0,0,0:00,0,0:00,No,00:00.0,--,0
Running,5/9/2015 7:43,FALSE,Alameda Running,,13.21,"1,082",2:04:47,--,--,9:27,7:05,29,27,0,0,0,--,0,0,0,0:00,0,0:00,No,00:00.0,--,0
Running,1/25/2014 9:32,FALSE,Untitled,,13.21,"1,136",2:03:16,--,--,9:20,5:48,181,173,0,0,0,--,0,0,0,0:00,0,0:00,No,00:00.0,--,0
Running,4/11/2015 7:54,FALSE,Alameda Running,,13.2,"1,072",1:56:35,--,--,8:50,6:39,34,36,0,0,0,--,0,0,0,0:00,0,0:00,No,00:00.0,--,0
Running,8/24/2013 6:42,FALSE,Saturday morning long run,,13.2,"1,155",2:12:20,--,--,10:01,5:38,138,157,0,0,0,--,0,0,0,0:00,0,0:00,No,00:00.0,--,0
Running,5/27/2017 6:52,FALSE,Alameda Running,,13.18,"1,055",2:08:56,179,197,9:47,7:41,31,38,0.92,0,0,--,0,0,0,0:00,0,0:00,No,00:00.0,--,0
Running,5/1/2016 8:46,FALSE,Avenue of the Giants Half Marathon,1,13.18,"1,079",1:56:07,187,199,8:49,6:32,768,781,0.98,0,0,--,0,0,0,0:00,0,0:00,No,00:00.0,--,0
Running,3/15/2014 7:07,FALSE,Untitled,1,13.18,"1,074",1:57:52,--,--,8:56,7:06,188,199,0,0,0,--,0,0,0,0:00,0,0:00,No,00:00.0,--,0
Running,10/5/2014 8:05,FALSE,San Jose Rock and Roll Half Marathon,1,13.14,"1,076",1:55:49,--,--,8:49,5:39,100,100,0,0,0,--,0,0,0,0:00,0,0:00,No,00:00.0,--,0
Running,12/7/2013 8:53,FALSE,Untitled,,13.14,"1,108",2:06:42,--,--,9:39,7:01,198,197,0,0,0,--,0,0,0,0:00,0,0:00,No,00:00.0,--,0
Running,11/19/2017 8:02,FALSE,Berkeley Running,,13.11,"1,032",1:56:01,189,201,8:51,7:13,487,507,0.96,0,0,--,0,0,0,0:00,0,0:00,No,00:00.0,14,0
Running,11/29/2014 9:53,FALSE,Untitled,,13.11,"1,075",2:13:52,--,--,10:12,7:39,692,763,0,0,0,--,0,0,0,0:00,0,0:00,No,00:00.0,--,0
Running,2/16/2014 8:16,FALSE,Untitled,,13.11,"1,068",2:00:35,--,--,9:12,1:13,221,183,0,0,0,--,0,0,0,0:00,0,0:00,No,00:00.0,--,0
Running,8/22/2015 7:22,FALSE,Alameda Running,,13.1,"1,071",2:07:01,183,195,9:42,6:36,36,43,0.91,0,0,--,0,0,0,0:00,0,0:00,No,00:00.0,--,0
Running,11/16/2013 8:18,FALSE,Untitled,,13.1,"1,093",1:58:22,--,--,9:02,6:14,73,84,0,0,0,--,0,0,0,0:00,0,0:00,No,00:00.0,--,0
Running,6/16/2013 10:00,FALSE,Half Marathon Personal Record,1,13.1,--,1:53:49,--,--,8:42,--,--,--,0,0,0,--,0,0,0,0:00,0,0:00,No,00:00.0,--,0
Running,9/14/2013 7:09,FALSE,Untitled,,13.09,"1,136",2:17:25,--,--,10:30,6:05,127,145,0,0,0,--,0,0,0,0:00,0,0:00,No,00:00.0,--,0
Running,5/20/2017 7:00,FALSE,Alameda Running,,13.08,"1,050",2:07:28,180,193,9:45,7:18,46,46,0.92,0,0,--,0,0,0,0:00,0,0:00,No,00:00.0,--,0
Running,12/13/2014 7:23,FALSE,Untitled,,13.07,"1,066",1:54:28,--,--,8:45,6:55,32,32,0,0,0,--,0,0,0,0:00,0,0:00,No,00:00.0,--,0
Running,6/14/2014 7:13,FALSE,Untitled,,13.07,"1,062",1:57:03,--,--,8:57,7:13,22,26,0,0,0,--,0,0,0,0:00,0,0:00,No,00:00.0,--,0
Running,3/1/2014 7:31,FALSE,Untitled,,13.07,"1,065",2:09:31,--,--,9:54,7:28,118,131,0,0,0,--,0,0,0,0:00,0,0:00,No,00:00.0,--,0
Running,7/12/2014 7:24,FALSE,Untitled,,13.06,"1,063",2:05:24,--,--,9:36,3:49,662,739,0,0,0,--,0,0,0,0:00,0,0:00,No,00:00.0,--,0
Running,5/24/2014 8:07,FALSE,Danville Half,1,13.04,"1,068",1:55:32,--,--,8:52,6:52,239,245,0,0,0,--,0,0,0,0:00,0,0:00,No,00:00.0,--,0
Running,10/25/2014 7:56,FALSE,Untitled,,13.01,"1,063",2:03:03,--,--,9:28,7:20,37,39,0,0,0,--,0,0,0,0:00,0,0:00,No,00:00.0,--,0
Running,8/5/2017 7:05,FALSE,Alameda Running,,13,"1,023",2:00:02,183,197,9:14,6:42,23,23,0.95,0,0,--,0,0,0,0:00,0,0:00,No,00:00.0,--,0
Running,7/22/2017 8:10,FALSE,Oakland Running,,13,"1,027",2:08:08,172,195,9:51,5:59,433,420,0.95,0,0,--,0,0,0,0:00,0,0:00,No,00:00.0,--,0
Running,11/10/2017 7:12,FALSE,Kirkland Running,,12.76,998,2:13:20,164,245,10:27,7:09,298,315,0.94,0,0,--,0,0,0,0:00,0,0:00,No,00:00.0,13,0
Running,8/1/2015 7:45,FALSE,Alameda Running,,12.74,"1,045",2:07:14,180,194,9:59,7:40,18,18,0.9,0,0,--,0,0,0,0:00,0,0:00,No,00:00.0,--,0
Running,3/14/2015 7:38,FALSE,Alameda Running,,12.67,"1,034",1:59:15,--,--,9:25,4:19,23,24,0,0,0,--,0,0,0,0:00,0,0:00,No,00:00.0,--,0
Running,1/2/2016 8:25,FALSE,Alameda Running,,12.54,"1,033",2:07:44,180,195,10:11,6:37,24,24,0.88,0,0,--,0,0,0,0:00,0,0:00,No,00:00.0,--,0
Running,9/8/2013 7:13,FALSE,Untitled,,12.52,"1,089",2:09:16,--,--,10:19,6:45,189,197,0,0,0,--,0,0,0,0:00,0,0:00,No,00:00.0,--,0
Running,1/9/2016 8:59,FALSE,Alameda Running,,12.51,"1,024",2:01:56,177,246,9:45,7:08,17,23,0.93,0,0,--,0,0,0,0:00,0,0:00,No,00:00.0,--,0
Running,9/17/2016 6:42,FALSE,Alameda Running,,12.47,985,1:59:25,178,195,9:35,7:00,9,17,0.95,0,0,--,0,0,0,0:00,0,0:00,No,00:00.0,--,0
Running,9/3/2016 6:37,FALSE,Alameda Running,,12.44,"1,003",2:04:09,173,195,9:58,7:13,4,12,0.93,0,0,86,0,0,0,0:00,0,0:00,No,00:00.0,--,0
Running,9/23/2017 6:33,FALSE,Alameda Running,,12.37,973,2:00:10,181,197,9:43,8:03,15,18,0.91,0,0,--,0,0,0,0:00,0,0:00,No,00:00.0,--,0
Running,9/19/2015 6:34,FALSE,Alameda Running,,12.36,"1,006",2:00:49,177,197,9:46,6:50,16,23,0.93,0,0,--,0,0,0,0:00,0,0:00,No,00:00.0,--,0
Running,9/9/2017 6:57,FALSE,Alameda Running,,12.35,964,1:55:27,181,202,9:21,6:32,14,20,0.95,0,0,--,0,0,0,0:00,0,0:00,No,00:00.0,--,0
Running,4/23/2016 6:57,FALSE,Alameda Running,,12.3,"1,003",1:59:11,178,193,9:41,7:37,18,21,0.93,0,0,--,0,0,0,0:00,0,0:00,No,00:00.0,--,0
Running,12/26/2015 8:34,FALSE,Alameda Running,,12.24,"1,004",1:59:52,178,197,9:47,7:44,30,32,0.92,0,0,--,0,0,0,0:00,0,0:00,No,00:00.0,--,0
Running,10/8/2016 7:03,FALSE,Alameda Running,,12.22,944,2:02:09,174,244,10:00,7:18,18,18,0.92,0,0,--,0,0,0,0:00,0,0:00,No,00:00.0,--,0
Running,9/5/2015 6:47,FALSE,Alameda Running,,12.21,"1,003",2:06:00,176,197,10:19,7:35,15,21,0.89,0,0,--,0,0,0,0:00,0,0:00,No,00:00.0,--,0
Running,6/28/2014 7:57,FALSE,Untitled,,12.17,991,1:56:50,--,--,9:36,7:11,454,699,0,0,0,--,0,0,0,0:00,0,0:00,No,00:00.0,--,0
Running,7/1/2017 6:47,FALSE,Alameda Running,,12.16,970,1:49:22,182,197,9:00,6:44,6,14,0.98,0,0,--,0,0,0,0:00,0,0:00,No,00:00.0,--,0
Running,6/18/2016 7:46,FALSE,Berkeley Running,,12.16,992,2:06:03,175,194,10:22,7:30,695,759,0.89,0,0,--,0,0,0,0:00,0,0:00,No,00:00.0,--,0
Running,4/27/2019 8:50,FALSE,Pittsburgh Running,,12.14,959,2:02:10,178,193,10:04,7:30,631,616,0.9,0,0,--,0,0,0,0:00,0,0:00,No,01:17.6,13,0
Running,5/29/2015 15:05,FALSE,treadmill running,,12.1,912,1:50:00,--,--,9:05,--,--,--,0,0,0,--,0,0,0,0:00,0,0:00,No,00:00.0,--,0
Running,3/28/2015 7:46,FALSE,Alameda Running,,12.1,993,1:58:24,--,--,9:47,7:46,25,24,0,0,0,--,0,0,0,0:00,0,0:00,No,00:00.0,--,0
Running,12/27/2014 9:14,FALSE,Alameda Running,,12.01,980,1:54:28,--,--,9:32,7:39,24,26,0,0,0,--,0,0,0,0:00,0,0:00,No,00:00.0,--,0
Running,5/23/2015 4:36,FALSE,treadmill running ,,12,953,1:55:00,--,--,9:35,--,--,--,0,0,0,--,0,0,0,0:00,0,0:00,No,00:00.0,--,0
Running,4/26/2014 13:21,FALSE,Untitled,,12,977,1:47:59,--,--,9:00,6:24,13,15,0,0,0,--,0,0,0,0:00,0,0:00,No,00:00.0,--,0
Running,6/4/2016 8:00,FALSE,Berkeley Running,,11.85,890,2:00:00,--,--,10:08,--,--,--,0,0,0,--,0,0,0,0:00,0,0:00,No,00:00.0,--,0
Running,6/11/2016 7:57,FALSE,Berkeley Running,,11.7,957,2:05:13,172,195,10:42,7:04,622,743,0.87,0,0,--,0,0,0,0:00,0,0:00,No,00:00.0,--,0
Running,5/28/2016 8:07,FALSE,Berkeley Running,,11.55,945,2:03:53,169,193,10:43,6:53,642,746,0.89,0,0,--,0,0,0,0:00,0,0:00,No,00:00.0,--,0
Running,11/15/2014 7:09,FALSE,Untitled,,11.37,933,1:48:46,--,--,9:34,7:32,14,16,0,0,0,--,0,0,0,0:00,0,0:00,No,00:00.0,--,0
Running,4/20/2019 9:12,FALSE,Pittsburgh Running,,11.33,881,2:08:09,161,202,11:19,6:27,562,557,0.88,0,0,--,0,0,0,0:00,0,0:00,No,03:44.5,12,0
Running,3/7/2015 8:33,FALSE,Alameda Running,,11.3,927,1:51:20,--,--,9:51,7:54,19,23,0,0,0,--,0,0,0,0:00,0,0:00,No,00:00.0,--,0
Running,11/4/2017 8:00,FALSE,Alameda Running,,11.29,889,1:46:35,180,197,9:26,7:18,6,13,0.95,0,0,--,0,0,0,0:00,0,0:00,No,00:00.0,--,0
Running,12/25/2013 8:37,FALSE,Untitled,,11.23,946,1:46:16,--,--,9:28,6:12,124,123,0,0,0,--,0,0,0,0:00,0,0:00,No,00:00.0,--,0
Running,4/19/2014 7:56,FALSE,Untitled,,11.2,911,1:39:55,--,--,8:55,6:31,274,287,0,0,0,--,0,0,0,0:00,0,0:00,No,00:00.0,--,0
Running,12/21/2013 8:36,FALSE,Untitled,,11.17,941,1:49:20,--,--,9:48,6:35,99,146,0,0,0,--,0,0,0,0:00,0,0:00,No,00:00.0,--,0
Running,7/4/2015 9:49,FALSE,Alameda Running,,11.12,919,1:49:22,140,195,9:50,7:51,17,20,1.17,0,0,--,0,0,0,0:00,0,0:00,No,00:00.0,--,0
Running,4/16/2016 7:25,FALSE,Alameda Running,,11.1,909,1:48:08,180,193,9:45,7:27,15,15,0.92,0,0,--,0,0,0,0:00,0,0:00,No,00:00.0,--,0
Running,3/11/2017 8:36,FALSE,Alameda Running,,11.07,874,2:08:52,147,199,11:38,8:07,3,10,0.94,0,0,--,0,0,0,0:00,0,0:00,No,00:00.0,--,0
Running,7/8/2017 6:08,FALSE,Alameda Running,,11.05,881,1:46:40,177,195,9:39,7:12,12,13,0.94,0,0,--,0,0,0,0:00,0,0:00,No,00:00.0,--,0
Running,4/2/2016 7:38,FALSE,Alameda Running,,11.04,897,1:42:14,179,195,9:16,5:10,15,12,0.97,0,0,--,0,0,0,0:00,0,0:00,No,00:00.0,--,0
Running,9/21/2014 7:49,FALSE,Untitled,,11.01,896,1:42:52,--,--,9:20,7:10,14,18,0,0,0,--,0,0,0,0:00,0,0:00,No,00:00.0,--,0
Running,12/20/2014 7:16,FALSE,Alameda Running,,10.82,881,1:40:54,--,--,9:19,7:30,8,10,0,0,0,--,0,0,0,0:00,0,0:00,No,00:00.0,--,0
Running,3/8/2014 7:49,FALSE,Untitled,,10.61,865,1:39:09,--,--,9:21,6:05,113,127,0,0,0,--,0,0,0,0:00,0,0:00,No,00:00.0,--,0
Running,7/24/2013 5:59,FALSE,Untitled,,10.41,904,1:39:52,--,--,9:36,3:49,390,505,0,0,0,--,0,0,0,0:00,0,0:00,No,00:00.0,--,0
Running,9/6/2014 7:19,FALSE,Untitled,,10.4,844,1:30:42,--,--,8:43,7:19,19,25,0,0,0,--,0,0,0,0:00,0,0:00,No,00:00.0,--,0
Running,12/6/2014 8:37,FALSE,Untitled,,10.32,843,1:39:57,--,--,9:41,7:15,15,18,0,0,0,--,0,0,0,0:00,0,0:00,No,00:00.0,--,0
Running,12/19/2015 8:16,FALSE,Alameda Running,,10.31,841,1:39:27,178,195,9:39,6:25,6,15,0.94,0,0,--,0,0,0,0:00,0,0:00,No,00:00.0,--,0
Running,1/30/2016 8:25,FALSE,Alameda Running,,10.3,844,1:39:31,179,193,9:40,7:33,5,11,0.93,0,0,--,0,0,0,0:00,0,0:00,No,00:00.0,--,0
Running,8/27/2016 6:51,FALSE,Alameda Running,,10.28,835,1:39:26,178,194,9:40,7:04,12,15,0.93,0,0,89,0,0,0,0:00,0,0:00,No,00:00.0,--,0
Running,5/13/2017 6:46,FALSE,Alameda Running,,10.11,809,1:34:15,184,242,9:20,6:50,8,14,0,0,0,--,0,0,0,0:00,0,0:00,No,00:00.0,--,0
Running,4/6/2019 17:06,FALSE,Pittsburgh Running,,10.03,801,1:41:05,177,202,10:05,6:01,481,482,0.9,0,0,--,0,0,0,0:00,0,0:00,No,00:16.8,11,0
Running,3/18/2017 6:51,FALSE,Alameda Running,,10.02,794,1:46:52,163,197,10:40,6:55,18,18,0.93,0,0,--,0,0,0,0:00,0,0:00,No,00:00.0,--,0
Running,3/21/2015 7:43,FALSE,Alameda Running,,10.02,817,1:33:07,--,--,9:17,7:35,15,17,0,0,0,--,0,0,0,0:00,0,0:00,No,00:00.0,--,0
Running,6/3/2017 7:06,FALSE,Alameda Running,,10.01,789,2:01:04,135,201,12:06,6:27,4,13,0.99,0,0,--,0,0,0,0:00,0,0:00,No,00:00.0,--,0
Running,9/20/2014 20:00,FALSE,running,,10,764,1:30:00,--,--,9:00,--,--,--,0,0,0,--,0,0,0,0:00,0,0:00,No,00:00.0,--,0
Running,2/21/2015 8:36,FALSE,Alameda Running,,9.42,770,1:29:00,--,--,9:27,7:16,5,5,0,0,0,--,0,0,0,0:00,0,0:00,No,00:00.0,--,0
Running,7/11/2015 8:47,FALSE,Alameda Running,,9.25,761,1:28:17,136,193,9:33,7:08,6,13,1.24,0,0,--,0,0,0,0:00,0,0:00,No,00:00.0,--,0
Running,4/5/2014 7:53,FALSE,Untitled,,9.24,752,1:21:56,--,--,8:52,6:42,173,139,0,0,0,--,0,0,0,0:00,0,0:00,No,00:00.0,--,0
Running,5/3/2014 7:58,FALSE,Untitled,,9.17,744,1:21:41,--,--,8:54,7:00,8,8,0,0,0,--,0,0,0,0:00,0,0:00,No,00:00.0,--,0
Running,12/12/2015 8:51,FALSE,Alameda Running,,9.14,748,1:28:57,178,197,9:44,7:11,11,14,0.93,0,0,--,0,0,0,0:00,0,0:00,No,00:00.0,--,0
Running,3/26/2016 7:00,FALSE,Alameda Running,,9.08,745,1:29:44,176,195,9:53,7:18,6,13,0.93,0,0,--,0,0,0,0:00,0,0:00,No,00:00.0,--,0
Running,7/15/2017 6:56,FALSE,Alameda Running,,9.03,724,1:26:17,179,197,9:33,6:47,12,12,0.94,0,0,--,0,0,0,0:00,0,0:00,No,00:00.0,--,0
Running,6/17/2017 4:12,FALSE,Alameda Running,,9.01,721,1:25:00,182,193,9:26,6:32,3,11,0.94,0,0,--,0,0,0,0:00,0,0:00,No,00:00.0,--,0
Running,5/19/2015 16:38,FALSE,treadmill running ,,9,687,1:27:00,--,--,9:40,--,--,--,0,0,0,--,0,0,0,0:00,0,0:00,No,00:00.0,--,0
Running,8/30/2014 7:43,FALSE,Untitled,,8.87,725,1:22:53,--,--,9:20,7:25,16,17,0,0,0,--,0,0,0,0:00,0,0:00,No,00:00.0,--,0
Running,9/6/2017 5:15,FALSE,Alameda Running,,8.56,673,1:17:37,186,243,9:04,6:55,13,16,0.95,0,0,--,0,0,0,0:00,0,0:00,No,00:00.0,--,0
Running,4/22/2015 6:36,FALSE,Alameda Running,,8.55,699,1:22:33,--,--,9:39,7:32,9,15,0,0,0,--,0,0,0,0:00,0,0:00,No,00:00.0,--,0
Running,6/6/2015 8:21,FALSE,Alameda Running,,8.54,701,1:23:42,--,--,9:48,8:05,11,13,0,0,0,--,0,0,0,0:00,0,0:00,No,00:00.0,--,0
Running,9/2/2015 5:36,FALSE,Alameda Running,,8.51,700,1:25:34,179,193,10:03,7:18,6,12,0.89,0,0,--,0,0,0,0:00,0,0:00,No,00:00.0,--,0
Running,4/29/2015 6:28,FALSE,Alameda Running,,8.51,698,1:23:01,--,--,9:45,6:46,6,9,0,0,0,--,0,0,0,0:00,0,0:00,No,00:00.0,--,0
Running,4/15/2015 6:28,FALSE,Alameda Running,,8.49,695,1:20:16,--,--,9:27,7:20,15,12,0,0,0,--,0,0,0,0:00,0,0:00,No,00:00.0,--,0
Running,11/8/2016 6:23,FALSE,Alameda Running,,8.46,659,1:18:16,185,197,9:15,6:50,9,12,0.94,0,0,--,0,0,0,0:00,0,0:00,No,00:00.0,--,0
Running,8/19/2015 5:33,FALSE,Alameda Running,,8.46,695,1:23:32,182,199,9:53,7:26,5,12,0.9,0,0,--,0,0,0,0:00,0,0:00,No,00:00.0,--,0
Running,8/12/2015 5:33,FALSE,Alameda Running,,8.42,692,1:22:15,183,195,9:46,7:46,--,8,0.9,0,0,--,0,0,0,0:00,0,0:00,No,00:00.0,--,0
Running,5/21/2016 6:32,FALSE,Alameda Running,,8.4,688,1:22:27,178,193,9:49,6:27,13,13,0.92,0,0,--,0,0,0,0:00,0,0:00,No,00:00.0,--,0
Running,8/4/2015 5:30,FALSE,Alameda Running,,8.4,688,1:20:58,183,197,9:38,7:49,4,12,0.91,0,0,--,0,0,0,0:00,0,0:00,No,00:00.0,--,0
Running,11/18/2014 6:00,FALSE,running,,8.4,624,1:17:00,--,--,9:10,--,--,--,0,0,0,--,0,0,0,0:00,0,0:00,No,00:00.0,--,0
Running,6/10/2017 6:51,FALSE,Alameda Running,,8.36,671,1:18:19,181,242,9:22,7:19,8,8,0.95,0,0,--,0,0,0,0:00,0,0:00,No,00:00.0,--,0
Running,9/21/2013 8:11,FALSE,Untitled,,8.35,710,1:22:58,--,--,9:56,6:20,179,183,0,0,0,--,0,0,0,0:00,0,0:00,No,00:00.0,--,0
Running,11/28/2015 8:29,FALSE,Alameda Running,,8.34,684,1:20:09,181,201,9:37,7:35,13,13,0.92,0,0,--,0,0,0,0:00,0,0:00,No,00:00.0,--,0
Running,12/10/2014 6:32,FALSE,Untitled,,8.34,683,1:20:25,--,--,9:39,7:22,16,17,0,0,0,--,0,0,0,0:00,0,0:00,No,00:00.0,--,0
Running,11/1/2016 5:28,FALSE,Alameda Running,,8.33,650,1:20:31,179,246,9:40,6:36,12,15,0.93,0,0,--,0,0,0,0:00,0,0:00,No,00:00.0,--,0
Running,11/12/2014 6:22,FALSE,Untitled,,8.28,678,1:19:55,--,--,9:39,7:44,21,16,0,0,0,--,0,0,0,0:00,0,0:00,No,00:00.0,--,0
Running,8/20/2016 6:31,FALSE,Alameda Running,,8.27,663,1:17:33,181,193,9:23,6:58,13,13,0.95,0,0,90,0,0,0,0:00,0,0:00,No,00:00.0,--,0
Running,3/12/2016 8:00,FALSE,Alameda Running,,8.27,682,1:21:23,181,195,9:50,7:56,8,15,0.9,0,0,--,0,0,0,0:00,0,0:00,No,00:00.0,--,0
Running,6/11/2014 5:57,FALSE,Untitled,,8.23,665,1:15:34,--,--,9:11,6:18,16,20,0,0,0,--,0,0,0,0:00,0,0:00,No,00:00.0,--,0
Running,12/5/2015 8:52,FALSE,Alameda Running,,8.22,671,1:15:39,182,201,9:12,4:11,13,13,0.96,0,0,--,0,0,0,0:00,0,0:00,No,00:00.0,--,0
Running,8/13/2016 6:41,FALSE,Alameda Running,,8.21,669,1:16:16,178,202,9:18,6:44,10,13,0.97,0,0,--,0,0,0,0:00,0,0:00,No,00:00.0,--,0
Running,5/28/2014 6:20,FALSE,Untitled,,8.21,667,1:13:07,--,--,8:54,6:58,19,20,0,0,0,--,0,0,0,0:00,0,0:00,No,00:00.0,--,0
Running,7/9/2016 6:34,FALSE,Alameda Running,,8.2,670,1:19:48,174,193,9:44,7:03,3,12,0.95,0,0,--,0,0,0,0:00,0,0:00,No,00:00.0,--,0
Running,11/26/2014 7:01,FALSE,Untitled,,8.2,673,1:18:23,--,--,9:33,7:11,13,15,0,0,0,--,0,0,0,0:00,0,0:00,No,00:00.0,--,0
Running,6/4/2014 5:50,FALSE,Untitled,,8.2,664,1:14:40,--,--,9:06,7:07,4,5,0,0,0,--,0,0,0,0:00,0,0:00,No,00:00.0,--,0
Running,9/10/2016 6:57,FALSE,Alameda Running,,8.19,653,1:19:14,182,194,9:40,6:48,13,13,0.91,0,0,90,0,0,0,0:00,0,0:00,No,00:00.0,--,0
Running,8/16/2014 7:04,FALSE,Untitled,,8.18,666,1:13:47,--,--,9:01,7:25,7,8,0,0,0,--,0,0,0,0:00,0,0:00,No,00:00.0,--,0
Running,4/29/2017 7:12,FALSE,Alameda Running,,8.17,648,1:20:07,175,195,9:48,7:16,1,8,0.94,0,0,--,0,0,0,0:00,0,0:00,No,00:00.0,--,0
Running,11/22/2014 10:35,FALSE,Untitled,,8.17,668,1:18:45,--,--,9:38,7:12,12,13,0,0,0,--,0,0,0,0:00,0,0:00,No,00:00.0,--,0
Running,8/18/2018 8:31,FALSE,Pittsburgh Running,,8.16,637,1:29:12,138,193,10:56,7:45,393,370,1.08,0,0,--,0,0,0,0:00,0,0:00,No,00:00.0,9,0
Running,5/6/2017 6:53,FALSE,Alameda Running,,8.16,663,1:16:41,183,195,9:24,7:09,10,13,0,0,0,--,0,0,0,0:00,0,0:00,No,00:00.0,--,0
Running,9/26/2015 7:16,FALSE,Alameda Running,,8.15,671,1:21:14,178,246,9:58,7:17,13,13,0.91,0,0,--,0,0,0,0:00,0,0:00,No,00:00.0,--,0
Running,4/1/2017 7:03,FALSE,Alameda Running,,8.13,649,1:24:02,177,195,10:20,7:20,--,8,0.88,0,0,--,0,0,0,0:00,0,0:00,No,00:00.0,--,0
Running,8/11/2018 7:33,FALSE,Pittsburgh Running,,8.11,633,1:25:35,169,191,10:33,6:58,370,337,0.9,0,0,--,0,0,0,0:00,0,0:00,No,00:00.0,9,0
Running,10/19/2018 8:01,FALSE,Pittsburgh Running,,8.1,642,1:16:50,181,199,9:29,6:44,397,396,0.94,0,0,--,0,0,0,0:00,0,0:00,No,00:00.0,9,0
Running,7/19/2014 6:54,FALSE,Untitled,,8.08,655,1:19:24,--,--,9:49,6:14,666,546,0,0,0,--,0,0,0,0:00,0,0:00,No,00:00.0,--,0
Running,11/10/2018 8:19,FALSE,Pittsburgh Running,,8.07,634,1:22:19,179,196,10:12,6:07,424,422,0.88,0,0,--,0,0,0,0:00,0,0:00,No,00:38.4,9,0
Running,9/29/2018 7:42,FALSE,Pittsburgh Running,,8.05,641,1:21:28,181,193,10:07,7:25,458,459,0.88,0,0,--,0,0,0,0:00,0,0:00,No,00:00.0,9,0
Running,10/13/2018 7:44,FALSE,Pittsburgh Running,,8.04,636,1:14:14,187,197,9:14,6:38,406,408,0.93,0,0,--,0,0,0,0:00,0,0:00,No,00:00.0,9,0
Running,9/22/2018 7:50,FALSE,Pittsburgh Running,,8.04,635,1:28:13,166,201,10:58,6:33,427,430,0.88,0,0,--,0,0,0,0:00,0,0:00,No,00:00.0,9,0
Running,6/25/2014 6:00,FALSE,Untitled,,8.04,655,1:14:47,--,--,9:18,7:21,15,16,0,0,0,--,0,0,0,0:00,0,0:00,No,00:00.0,--,0
Running,3/29/2014 7:57,FALSE,Untitled,,8.04,653,1:12:58,--,--,9:04,6:21,142,146,0,0,0,--,0,0,0,0:00,0,0:00,No,00:00.0,--,0
Running,8/25/2018 7:26,FALSE,Pittsburgh Running,,8.03,634,1:23:44,177,197,10:25,7:12,408,408,0.87,0,0,--,0,0,0,0:00,0,0:00,No,00:00.0,9,0
Running,1/3/2015 10:06,FALSE,Alameda Running,,8.02,656,1:17:07,--,--,9:37,7:39,10,12,0,0,0,--,0,0,0,0:00,0,0:00,No,00:00.0,--,0
Trail Running,7/26/2013 23:08,FALSE,Ragnar Tahoe Red,,8.02,611,1:47:38,--,--,13:25,4:39,"1,811","2,136",0,0,0,--,0,0,0,0:00,0,0:00,No,00:00.0,--,0
Running,3/29/2019 10:40,FALSE,Pittsburgh Running,,8.01,637,1:20:07,183,197,10:00,6:56,443,441,0.88,0,0,--,0,0,0,0:00,0,0:00,No,00:05.6,9,0
Running,9/30/2017 7:40,FALSE,Alameda Running,,8.01,630,1:18:57,180,195,9:51,6:58,7,11,0.91,0,0,--,0,0,0,0:00,0,0:00,No,00:00.0,--,0
Running,1/11/2014 9:06,FALSE,Untitled,,8.01,678,1:12:21,--,--,9:02,6:24,56,62,0,0,0,--,0,0,0,0:00,0,0:00,No,00:00.0,--,0
Running,3/4/2017 8:17,FALSE,Alameda Running,,8,640,1:23:08,168,201,10:23,7:27,--,8,0.92,0,0,--,0,0,0,0:00,0,0:00,No,00:00.0,--,0
Running,2/15/2015 8:02,FALSE,Alameda Running,,8,652,1:16:51,--,--,9:36,7:24,18,18,0,0,0,--,0,0,0,0:00,0,0:00,No,00:00.0,--,0
Running,3/25/2015 6:42,FALSE,Alameda Running,,7.66,627,1:12:35,--,--,9:29,5:20,34,33,0,0,0,--,0,0,0,0:00,0,0:00,No,00:00.0,--,0
Running,2/22/2014 8:09,FALSE,Untitled,,7.59,616,1:14:27,--,--,9:48,6:48,56,64,0,0,0,--,0,0,0,0:00,0,0:00,No,00:00.0,--,0
Running,7/2/2016 6:46,FALSE,Alameda Running,,7.56,616,1:13:53,171,193,9:46,7:08,3,13,0.97,0,0,--,0,0,0,0:00,0,0:00,No,00:00.0,--,0
Running,4/22/2017 6:40,FALSE,Alameda Running,,7.52,596,1:09:29,181,193,9:14,6:54,2,12,0.96,0,0,--,0,0,0,0:00,0,0:00,No,00:00.0,--,0
Running,4/1/2015 6:42,FALSE,Alameda Running,,7.42,606,1:10:41,--,--,9:32,6:17,33,38,0,0,0,--,0,0,0,0:00,0,0:00,No,00:00.0,--,0
Running,11/21/2015 8:34,FALSE,Alameda Running,,7.38,607,1:12:04,166,196,9:46,6:54,28,33,1,0,0,--,0,0,0,0:00,0,0:00,No,00:00.0,--,0
Running,7/28/2015 5:35,FALSE,Alameda Running,,7.34,604,1:12:51,116,195,9:55,8:04,23,22,1.39,0,0,--,0,0,0,0:00,0,0:00,No,00:00.0,--,0
Running,5/14/2014 6:23,FALSE,Untitled,,7.27,592,1:07:03,--,--,9:13,7:14,17,19,0,0,0,--,0,0,0,0:00,0,0:00,No,00:00.0,--,0
Running,5/21/2014 6:10,FALSE,Untitled,,7.23,588,1:05:05,--,--,9:00,6:51,13,16,0,0,0,--,0,0,0,0:00,0,0:00,No,00:00.0,--,0
Running,3/5/2016 8:11,FALSE,Alameda Running,,7.21,592,1:09:58,176,193,9:42,7:55,28,32,0.94,0,0,--,0,0,0,0:00,0,0:00,No,00:00.0,--,0
Running,7/22/2015 5:35,FALSE,Alameda Running,,7.21,592,1:09:28,135,191,9:38,7:36,27,32,1.24,0,0,--,0,0,0,0:00,0,0:00,No,00:00.0,--,0
Running,11/8/2014 7:42,FALSE,Untitled,,7.19,587,1:08:11,--,--,9:29,7:29,12,13,0,0,0,--,0,0,0,0:00,0,0:00,No,00:00.0,--,0
Running,5/7/2014 6:40,FALSE,Untitled,,7.19,588,1:05:00,--,--,9:03,6:29,9,12,0,0,0,--,0,0,0,0:00,0,0:00,No,00:00.0,--,0
Running,4/8/2015 6:46,FALSE,Alameda Running,,7.18,587,1:09:08,--,--,9:38,7:31,28,31,0,0,0,--,0,0,0,0:00,0,0:00,No,00:00.0,--,0
Running,8/8/2014 6:54,FALSE,Untitled,,7.1,577,1:03:25,--,--,8:56,6:48,2,4,0,0,0,--,0,0,0,0:00,0,0:00,No,00:00.0,--,0
Running,7/17/2013 5:50,FALSE,Untitled,,7.09,601,1:10:30,--,--,9:56,6:28,197,203,0,0,0,--,0,0,0,0:00,0,0:00,No,00:00.0,--,0
Running,8/14/2013 5:58,FALSE,Wednesday run medium,,7.07,620,1:06:53,--,--,9:27,5:02,272,541,0,0,0,--,0,0,0,0:00,0,0:00,No,00:00.0,--,0
Running,11/11/2013 8:27,FALSE,Untitled,,7.03,589,1:03:59,--,--,9:06,6:38,110,65,0,0,0,--,0,0,0,0:00,0,0:00,No,00:00.0,--,0
Running,8/21/2013 6:10,FALSE,Wednesday run medium,,7.02,623,1:09:50,--,--,9:57,2:00,161,174,0,0,0,--,0,0,0,0:00,0,0:00,No,00:00.0,--,0
Running,12/1/2013 8:54,FALSE,Untitled,,7.01,590,1:08:14,--,--,9:44,7:27,49,91,0,0,0,--,0,0,0,0:00,0,0:00,No,00:00.0,--,0
Running,9/7/2013 7:29,FALSE,Saturday morning medium run,,7.01,619,1:12:22,--,--,10:19,0:40,153,202,0,0,0,--,0,0,0,0:00,0,0:00,No,00:00.0,--,0
Street Running,7/31/2013 5:53,FALSE,Wednesday morning run,,7.01,603,1:08:00,--,--,9:42,6:20,269,203,0,0,0,--,0,0,0,0:00,0,0:00,No,00:00.0,--,0
Running,10/4/2016 5:30,FALSE,Alameda Running,,7,547,1:07:48,180,195,9:41,7:29,26,30,0.93,0,0,--,0,0,0,0:00,0,0:00,No,00:00.0,--,0
Running,8/16/2017 16:35,FALSE,Oakland Running,,6.91,545,1:04:57,177,196,9:24,4:49,14,48,0.97,0,0,--,0,0,0,0:00,0,0:00,No,00:00.0,--,0
Running,7/19/2017 16:33,FALSE,Oakland Running,,6.86,553,1:03:31,178,246,9:15,2:24,45,59,0.98,0,0,--,0,0,0,0:00,0,0:00,No,00:00.0,--,0
Running,8/2/2017 16:33,FALSE,Oakland Running,,6.8,536,1:02:52,180,197,9:14,5:00,38,71,0.97,0,0,--,0,0,0,0:00,0,0:00,No,00:00.0,--,0
Running,12/28/2013 8:58,FALSE,Untitled,,6.8,573,0:59:52,--,--,8:48,3:32,79,94,0,0,0,--,0,0,0,0:00,0,0:00,No,00:00.0,--,0
Trail Running,7/27/2013 8:44,FALSE,Ragnar Tahoe Yellow,,6.71,498,1:48:02,--,--,16:06,2:56,"1,440","1,352",0,0,0,--,0,0,0,0:00,0,0:00,No,00:00.0,--,0
Running,10/12/2013 8:00,FALSE,Untitled,,6.57,561,0:58:42,--,--,8:56,3:22,287,300,0,0,0,--,0,0,0,0:00,0,0:00,No,00:00.0,--,0
Running,7/15/2015 5:31,FALSE,Alameda Running,,6.5,534,0:59:53,123,193,9:13,8:10,26,31,1.43,0,0,--,0,0,0,0:00,0,0:00,No,00:00.0,--,0
Running,9/3/2017 6:27,FALSE,Kensington and Chelsea London Boro Running,,6.36,506,0:59:28,183,196,9:21,5:16,127,102,0.94,0,0,--,0,0,0,0:00,0,0:00,No,00:00.0,--,0
Running,7/8/2015 6:37,FALSE,Alameda Running,,6.32,518,0:59:51,149,193,9:28,8:26,21,25,1.14,0,0,--,0,0,0,0:00,0,0:00,No,00:00.0,--,0
Running,2/28/2015 7:06,FALSE,Alameda Running,,6.32,513,0:57:24,--,--,9:05,7:46,31,30,0,0,0,--,0,0,0,0:00,0,0:00,No,00:00.0,--,0
Running,9/13/2017 5:23,FALSE,Alameda Running,,6.29,493,0:57:28,188,195,9:08,7:03,28,33,0.94,0,0,--,0,0,0,0:00,0,0:00,No,00:00.0,--,0
Running,11/7/2015 8:11,FALSE,Alameda Running,,6.25,511,0:56:41,180,202,9:04,3:44,--,--,0.99,0,0,--,0,0,0,0:00,0,0:00,No,00:00.0,--,0
Running,1/9/2015 5:41,FALSE,Disney World 10k,,6.24,509,0:58:13,--,--,9:20,6:57,7,7,0,0,0,--,0,0,0,0:00,0,0:00,No,00:00.0,--,0
Running,4/13/2019 9:03,FALSE,Mt Lebanon Running,,6.23,492,1:00:54,185,201,9:47,6:40,473,514,0.89,0,0,--,0,0,0,0:00,0,0:00,No,01:58.9,7,0
Running,3/4/2015 6:35,FALSE,Alameda Running,,6.23,506,0:55:38,--,--,8:56,7:40,37,31,0,0,0,--,0,0,0,0:00,0,0:00,No,00:00.0,--,0
Running,11/21/2018 8:29,FALSE,Pittsburgh Running,,6.22,493,1:01:23,182,197,9:52,6:06,364,363,0.9,0,0,--,0,0,0,0:00,0,0:00,No,02:07.2,7,0
Running,3/18/2015 6:41,FALSE,Alameda Running,,6.2,503,0:56:15,--,--,9:04,7:30,34,37,0,0,0,--,0,0,0,0:00,0,0:00,No,00:00.0,--,0
Running,10/28/2017 7:18,FALSE,Alameda Running,,6.18,486,0:54:05,185,197,8:45,7:13,3,3,1,0,0,--,0,0,0,0:00,0,0:00,No,00:00.0,--,0
Running,4/16/2014 6:52,FALSE,Untitled,,6.17,501,0:52:26,--,--,8:30,3:59,60,70,0,0,0,--,0,0,0,0:00,0,0:00,No,00:00.0,--,0
Running,3/23/2014 7:30,FALSE,Untitled,,6.17,505,0:52:55,--,--,8:35,5:01,465,369,0,0,0,--,0,0,0,0:00,0,0:00,No,00:00.0,--,0
Running,2/1/2014 9:17,FALSE,Untitled,,6.17,479,0:54:36,--,--,8:51,3:14,70,69,0,0,0,--,0,0,0,0:00,0,0:00,No,00:00.0,--,0
Running,4/9/2016 7:00,FALSE,Alameda Running,,6.16,507,0:59:27,180,191,9:39,7:18,25,30,0.92,0,0,--,0,0,0,0:00,0,0:00,No,00:00.0,--,0
Running,10/18/2014 7:53,FALSE,Untitled,,6.14,501,0:57:03,--,--,9:17,7:35,8,8,0,0,0,--,0,0,0,0:00,0,0:00,No,00:00.0,--,0
Running,4/23/2014 6:32,FALSE,Untitled,,6.13,500,0:55:24,--,--,9:02,6:26,34,34,0,0,0,--,0,0,0,0:00,0,0:00,No,00:00.0,--,0
Running,11/9/2013 7:58,FALSE,Untitled,,6.13,512,0:54:42,--,--,8:55,6:33,83,99,0,0,0,--,0,0,0,0:00,0,0:00,No,00:00.0,--,0
Running,7/12/2017 5:18,FALSE,Alameda Running,,6.12,489,0:56:49,179,195,9:17,7:04,26,31,0.97,0,0,--,0,0,0,0:00,0,0:00,No,00:00.0,--,0
Running,11/5/2016 8:20,FALSE,Alameda Running,,6.12,474,0:57:21,182,193,9:22,7:16,11,13,0.94,0,0,--,0,0,0,0:00,0,0:00,No,00:00.0,--,0
Running,11/14/2015 8:28,FALSE,Alameda Running,,6.1,499,0:57:45,182,195,9:28,7:25,18,18,0.93,0,0,--,0,0,0,0:00,0,0:00,No,00:00.0,--,0
Running,3/11/2015 6:30,FALSE,wednesday run,,6.1,486,0:58:00,--,--,9:30,--,--,--,0,0,0,--,0,0,0,0:00,0,0:00,No,00:00.0,--,0
Running,2/27/2016 8:14,FALSE,Alameda Running,,6.08,500,0:58:36,184,193,9:38,7:27,24,29,0.91,0,0,--,0,0,0,0:00,0,0:00,No,00:00.0,--,0
Running,8/23/2014 7:15,FALSE,Untitled,,6.07,495,0:56:31,--,--,9:19,7:47,8,7,0,0,0,--,0,0,0,0:00,0,0:00,No,00:00.0,--,0
Running,7/4/2017 7:03,FALSE,Alameda Running,,6.06,484,0:53:58,182,238,8:54,7:16,22,22,0.99,0,0,--,0,0,0,0:00,0,0:00,No,00:00.0,--,0
Running,4/30/2014 6:26,FALSE,Untitled,,6.06,491,0:53:21,--,--,8:48,7:21,34,33,0,0,0,--,0,0,0,0:00,0,0:00,No,00:00.0,--,0
Running,6/28/2017 5:17,FALSE,Alameda Running,,6.04,480,0:55:31,179,197,9:11,6:55,15,22,0.98,0,0,--,0,0,0,0:00,0,0:00,No,00:00.0,--,0
Running,6/24/2017 7:10,FALSE,Alameda Running,,6.04,480,0:57:38,176,193,9:32,7:32,16,19,0.96,0,0,--,0,0,0,0:00,0,0:00,No,00:00.0,--,0
Running,10/11/2016 5:32,FALSE,Alameda Running,,6.03,471,0:56:17,182,202,9:20,7:29,29,34,0.95,0,0,--,0,0,0,0:00,0,0:00,No,00:00.0,--,0
Running,9/20/2016 5:28,FALSE,Alameda Running,,6.03,476,0:55:56,183,193,9:16,7:30,38,38,0.95,0,0,--,0,0,0,0:00,0,0:00,No,00:00.0,--,0
Running,9/6/2016 5:23,FALSE,Alameda Running,,6.02,480,1:00:54,178,193,10:07,7:39,8,12,0.89,0,0,89,0,0,0,0:00,0,0:00,No,00:00.0,--,0
Running,8/25/2017 6:17,FALSE,Hyde Park Ward Running,,6.01,478,0:58:15,178,201,9:42,4:27,112,115,0.93,0,0,--,0,0,0,0:00,0,0:00,No,00:00.0,--,0
Running,8/16/2017 5:11,FALSE,Alameda Running,,6.01,471,0:54:55,187,195,9:08,7:25,28,32,0.94,0,0,--,0,0,0,0:00,0,0:00,No,00:00.0,--,0
Running,11/24/2016 8:14,FALSE,Alameda Running,,6.01,467,0:53:12,188,197,8:51,7:00,19,24,0.97,0,0,--,0,0,0,0:00,0,0:00,No,00:00.0,--,0
Running,11/15/2016 6:25,FALSE,Alameda Running,,6.01,467,0:56:11,186,195,9:21,7:36,6,10,0.92,0,0,--,0,0,0,0:00,0,0:00,No,00:00.0,--,0
Running,10/22/2017 7:10,FALSE,Alameda Running,,6,475,0:53:27,183,196,8:54,6:50,--,6,0.99,0,0,--,0,0,0,0:00,0,0:00,No,00:00.0,--,0
Running,10/18/2016 5:25,FALSE,Alameda Running,,6,469,0:58:00,184,193,9:40,8:02,28,32,0.9,0,0,--,0,0,0,0:00,0,0:00,No,00:00.0,--,0
Running,6/22/2014 11:38,FALSE,Untitled,,6,494,0:59:13,--,--,9:52,8:00,3,4,0,0,0,--,0,0,0,0:00,0,0:00,No,00:00.0,--,0
Running,9/13/2014 8:22,FALSE,Untitled,,5.96,486,0:54:56,--,--,9:13,5:35,8,8,0,0,0,--,0,0,0,0:00,0,0:00,No,00:00.0,--,0
Running,2/15/2014 9:08,FALSE,Untitled,,5.63,440,0:51:01,--,--,9:04,4:32,52,42,0,0,0,--,0,0,0,0:00,0,0:00,No,00:00.0,--,0
Running,5/5/2015 6:28,FALSE,Alameda Running,,5.47,444,0:49:21,--,--,9:01,4:25,28,28,0,0,0,--,0,0,0,0:00,0,0:00,No,00:00.0,--,0
Running,3/23/2016 5:42,FALSE,Alameda Running,,5.46,446,0:53:25,178,193,9:46,8:09,28,32,0.93,0,0,--,0,0,0,0:00,0,0:00,No,00:00.0,--,0
Running,7/1/2015 6:32,FALSE,Alameda Running,,5.46,448,0:50:51,146,193,9:19,7:12,28,31,1.18,0,0,--,0,0,0,0:00,0,0:00,No,00:00.0,--,0
Running,4/30/2015 6:32,FALSE,Alameda Running,,5.45,446,0:51:51,--,--,9:30,7:29,26,31,0,0,0,--,0,0,0,0:00,0,0:00,No,00:00.0,--,0
Running,4/28/2015 6:24,FALSE,Alameda Running,,5.43,442,0:50:12,--,--,9:15,8:01,24,27,0,0,0,--,0,0,0,0:00,0,0:00,No,00:00.0,--,0
Running,4/21/2015 6:34,FALSE,Alameda Running,,5.43,446,0:53:07,--,--,9:46,8:26,27,28,0,0,0,--,0,0,0,0:00,0,0:00,No,00:00.0,--,0
Running,12/2/2014 16:03,FALSE,Untitled,,5.4,440,0:48:16,--,--,8:56,6:46,31,32,0,0,0,--,0,0,0,0:00,0,0:00,No,00:00.0,--,0
Running,8/29/2017 7:04,FALSE,Paris 01 Running,,5.37,422,0:51:46,177,193,9:38,3:24,181,141,0.95,0,0,--,0,0,0,0:00,0,0:00,No,00:00.0,--,0
Running,4/23/2015 6:23,FALSE,Alameda Running,,5.34,435,0:49:46,--,--,9:20,7:28,24,26,0,0,0,--,0,0,0,0:00,0,0:00,No,00:00.0,--,0
Running,12/3/2014 6:47,FALSE,Untitled,,5.33,437,0:50:34,--,--,9:30,6:00,18,17,0,0,0,--,0,0,0,0:00,0,0:00,No,00:00.0,--,0
Running,12/23/2014 6:45,FALSE,Alameda Running,,5.29,433,0:52:09,--,--,9:52,8:17,24,22,0,0,0,--,0,0,0,0:00,0,0:00,No,00:00.0,--,0
Running,12/9/2014 6:42,FALSE,Untitled,,5.25,430,0:49:23,--,--,9:25,7:16,23,21,0,0,0,--,0,0,0,0:00,0,0:00,No,00:00.0,--,0
Running,10/31/2014 7:01,FALSE,Untitled,,5.25,430,0:49:11,--,--,9:22,7:47,23,19,0,0,0,--,0,0,0,0:00,0,0:00,No,00:00.0,--,0
Running,2/11/2015 6:23,FALSE,Alameda Running,,5.24,429,0:49:17,--,--,9:24,7:17,12,12,0,0,0,--,0,0,0,0:00,0,0:00,No,00:00.0,--,0
Running,11/25/2014 6:23,FALSE,Untitled,,5.24,429,0:48:27,--,--,9:15,7:35,27,25,0,0,0,--,0,0,0,0:00,0,0:00,No,00:00.0,--,0
Running,6/27/2014 6:21,FALSE,Untitled,,5.24,425,0:46:24,--,--,8:51,6:21,19,18,0,0,0,--,0,0,0,0:00,0,0:00,No,00:00.0,--,0
Running,12/16/2014 6:30,FALSE,Untitled,,5.23,426,0:49:38,--,--,9:30,7:40,19,19,0,0,0,--,0,0,0,0:00,0,0:00,No,00:00.0,--,0
Running,9/20/2014 8:18,FALSE,Untitled,,5.22,427,0:43:51,--,--,8:24,7:10,18,18,0,0,0,--,0,0,0,0:00,0,0:00,No,00:00.0,--,0
Running,9/9/2014 6:35,FALSE,Untitled,,5.22,425,0:44:08,--,--,8:28,6:10,24,22,0,0,0,--,0,0,0,0:00,0,0:00,No,00:00.0,--,0
Running,7/2/2014 6:07,FALSE,Untitled,,5.21,425,0:47:26,--,--,9:07,6:13,19,18,0,0,0,--,0,0,0,0:00,0,0:00,No,00:00.0,--,0
Running,5/12/2015 6:26,FALSE,Alameda Running,,5.2,425,0:49:17,--,--,9:29,7:39,6,10,0,0,0,--,0,0,0,0:00,0,0:00,No,00:00.0,--,0
Running,11/19/2014 6:16,FALSE,Untitled,,5.2,424,0:47:49,--,--,9:12,6:12,27,24,0,0,0,--,0,0,0,0:00,0,0:00,No,00:00.0,--,0
Running,2/12/2014 7:15,FALSE,Untitled,,5.2,406,0:45:34,--,--,8:46,1:41,46,36,0,0,0,--,0,0,0,0:00,0,0:00,No,00:00.0,--,0
Running,2/26/2014 6:47,FALSE,Untitled,,5.19,424,0:48:06,--,--,9:16,6:55,40,40,0,0,0,--,0,0,0,0:00,0,0:00,No,00:00.0,--,0
Running,9/18/2016 7:08,FALSE,Alameda Running,,5.18,414,0:51:17,181,191,9:54,7:51,3,1,0.9,0,0,--,0,0,0,0:00,0,0:00,No,00:00.0,--,0
Running,9/17/2014 6:18,FALSE,Untitled,,5.18,421,0:45:01,--,--,8:42,7:12,18,19,0,0,0,--,0,0,0,0:00,0,0:00,No,00:00.0,--,0
Running,4/9/2014 6:50,FALSE,Untitled,,5.18,421,0:44:22,--,--,8:34,7:27,110,71,0,0,0,--,0,0,0,0:00,0,0:00,No,00:00.0,--,0
Running,11/10/2013 7:27,FALSE,Untitled,,5.18,434,0:44:20,--,--,8:34,6:53,81,78,0,0,0,--,0,0,0,0:00,0,0:00,No,00:00.0,--,0
Running,8/18/2015 5:36,FALSE,Alameda Running,,5.17,418,0:54:35,166,193,10:33,8:29,14,18,0.92,0,0,--,0,0,0,0:00,0,0:00,No,00:00.0,--,0
Running,8/11/2015 5:41,FALSE,Alameda Running,,5.17,419,0:50:33,178,194,9:46,8:21,8,12,0.93,0,0,--,0,0,0,0:00,0,0:00,No,00:00.0,--,0
Running,5/7/2015 6:31,FALSE,Alameda Running,,5.17,418,0:46:12,--,--,8:57,7:44,14,16,0,0,0,--,0,0,0,0:00,0,0:00,No,00:00.0,--,0
Running,11/27/2014 7:30,FALSE,Untitled,,5.17,419,0:46:35,--,--,9:01,6:34,26,23,0,0,0,--,0,0,0,0:00,0,0:00,No,00:00.0,--,0
Running,9/18/2013 7:02,FALSE,Untitled,,5.17,447,0:47:14,--,--,9:08,5:54,90,80,0,0,0,--,0,0,0,0:00,0,0:00,No,00:00.0,--,0
Running,2/18/2015 6:27,FALSE,Alameda Running,,5.16,421,0:48:44,--,--,9:27,7:31,21,21,0,0,0,--,0,0,0,0:00,0,0:00,No,00:00.0,--,0
Running,6/13/2014 6:17,FALSE,Untitled,,5.16,418,0:45:31,--,--,8:49,5:31,19,18,0,0,0,--,0,0,0,0:00,0,0:00,No,00:00.0,--,0
Running,9/9/2015 5:27,FALSE,Alameda Running,,5.15,417,0:50:56,176,197,9:53,8:04,9,14,0.92,0,0,--,0,0,0,0:00,0,0:00,No,00:00.0,--,0
Running,9/3/2014 6:11,FALSE,Untitled,,5.15,420,0:43:48,--,--,8:31,7:14,15,15,0,0,0,--,0,0,0,0:00,0,0:00,No,00:00.0,--,0
Running,6/18/2014 6:01,FALSE,Untitled,,5.15,419,0:45:44,--,--,8:53,6:43,20,19,0,0,0,--,0,0,0,0:00,0,0:00,No,00:00.0,--,0
Running,9/15/2015 5:34,FALSE,Alameda Running,,5.14,419,0:52:07,176,196,10:08,7:18,11,16,0.9,0,0,--,0,0,0,0:00,0,0:00,No,00:00.0,--,0
Running,9/17/2015 5:37,FALSE,Alameda Running,,5.13,416,0:50:18,177,196,9:48,8:11,7,12,0.93,0,0,--,0,0,0,0:00,0,0:00,No,00:00.0,--,0
Running,9/3/2015 5:35,FALSE,Alameda Running,,5.13,419,0:51:14,182,196,9:59,8:46,5,10,0.89,0,0,--,0,0,0,0:00,0,0:00,No,00:00.0,--,0
Running,8/27/2015 5:39,FALSE,Alameda Running,,5.13,417,0:48:25,182,197,9:26,7:56,7,11,0.94,0,0,--,0,0,0,0:00,0,0:00,No,00:00.0,--,0
Running,8/20/2015 5:33,FALSE,Alameda Running,,5.13,421,0:49:25,181,196,9:38,7:25,6,11,0.92,0,0,--,0,0,0,0:00,0,0:00,No,00:00.0,--,0
Running,9/16/2014 6:24,FALSE,Untitled,,5.12,418,0:45:32,--,--,8:54,6:22,18,19,0,0,0,--,0,0,0,0:00,0,0:00,No,00:00.0,--,0
Running,4/2/2014 6:38,FALSE,Untitled,,5.12,418,0:44:23,--,--,8:40,6:12,41,49,0,0,0,--,0,0,0,0:00,0,0:00,No,00:00.0,--,0
Running,3/5/2014 6:50,FALSE,Untitled,,5.12,416,0:46:20,--,--,9:03,6:47,38,33,0,0,0,--,0,0,0,0:00,0,0:00,No,00:00.0,--,0
Running,9/5/2017 5:14,FALSE,Alameda Running,,5.11,399,0:46:40,182,195,9:08,5:46,28,33,0.97,0,0,--,0,0,0,0:00,0,0:00,No,00:00.0,--,0
Running,8/2/2017 5:24,FALSE,Alameda Running,,5.11,399,0:47:03,183,195,9:13,6:45,--,4,0.95,0,0,--,0,0,0,0:00,0,0:00,No,00:00.0,--,0
Running,12/12/2014 6:20,FALSE,Untitled,,5.1,416,0:47:36,--,--,9:20,7:24,27,25,0,0,0,--,0,0,0,0:00,0,0:00,No,00:00.0,--,0
Running,9/23/2014 6:40,FALSE,Untitled,,5.1,414,0:45:01,--,--,8:50,6:39,21,22,0,0,0,--,0,0,0,0:00,0,0:00,No,00:00.0,--,0
Running,2/23/2019 9:10,FALSE,Pittsburgh Running,,5.09,391,1:06:27,161,195,13:04,6:21,271,268,0.77,0,0,--,0,0,0,0:00,0,0:00,No,00:51.3,6,0
Running,2/24/2016 6:35,FALSE,Alameda Running,,5.09,415,0:51:07,178,195,10:03,8:02,--,4,0.9,0,0,--,0,0,0,0:00,0,0:00,No,00:00.0,--,0
Running,12/19/2014 6:32,FALSE,Alameda Running,,5.09,416,0:47:17,--,--,9:17,7:24,18,19,0,0,0,--,0,0,0,0:00,0,0:00,No,00:00.0,--,0
Running,8/26/2015 5:35,FALSE,Untitled,,5.08,415,0:50:45,177,197,10:00,7:27,12,17,0.91,0,0,--,0,0,0,0:00,0,0:00,No,00:00.0,--,0
Running,9/10/2015 5:37,FALSE,Alameda Running,,5.07,416,0:50:44,183,195,10:01,8:19,7,11,0.88,0,0,--,0,0,0,0:00,0,0:00,No,00:00.0,--,0
Running,8/25/2015 5:35,FALSE,Alameda Running,,5.07,414,0:46:21,182,197,9:08,7:25,8,15,0.97,0,0,--,0,0,0,0:00,0,0:00,No,00:00.0,--,0
Running,2/23/2014 8:02,FALSE,Untitled,,5.07,412,0:45:26,--,--,8:58,6:01,49,65,0,0,0,--,0,0,0,0:00,0,0:00,No,00:00.0,--,0
Running,9/12/2017 5:23,FALSE,Alameda Running,,5.06,396,0:47:07,181,193,9:19,6:40,8,12,0.95,0,0,--,0,0,0,0:00,0,0:00,No,00:00.0,--,0
Running,6/14/2017 5:27,FALSE,Alameda Running,,5.06,404,0:48:14,183,193,9:32,7:53,11,16,0.92,0,0,--,0,0,0,0:00,0,0:00,No,00:00.0,--,0
Running,10/26/2013 9:16,FALSE,Untitled,,5.06,419,0:42:05,--,--,8:19,4:17,120,121,0,0,0,--,0,0,0,0:00,0,0:00,No,00:00.0,--,0
Running,12/1/2016 6:30,FALSE,Alameda Running,,5.05,393,0:48:25,184,197,9:35,7:20,28,32,0.91,0,0,--,0,0,0,0:00,0,0:00,No,00:00.0,--,0
Running,9/8/2015 5:27,FALSE,Alameda Running,,5.05,413,0:50:13,179,197,9:56,8:30,28,32,0.91,0,0,--,0,0,0,0:00,0,0:00,No,00:00.0,--,0
Running,8/15/2017 5:15,FALSE,Alameda Running,,5.04,397,0:45:26,187,195,9:01,7:33,7,11,0.96,0,0,--,0,0,0,0:00,0,0:00,No,00:00.0,--,0
Running,4/20/2016 5:21,FALSE,Alameda Running,,5.04,410,0:45:55,182,193,9:06,7:51,23,29,0.97,0,0,--,0,0,0,0:00,0,0:00,No,00:00.0,--,0
Running,9/19/2017 4:53,FALSE,Alameda Running,,5.03,397,0:46:21,188,195,9:13,7:45,--,4,0.93,0,0,--,0,0,0,0:00,0,0:00,No,00:00.0,--,0
Running,7/26/2017 5:19,FALSE,Alameda Running,,5.03,399,0:45:30,186,193,9:03,7:46,12,17,0.95,0,0,--,0,0,0,0:00,0,0:00,No,00:00.0,--,0
Running,6/21/2017 5:22,FALSE,Alameda Running,,5.03,399,0:46:03,180,195,9:09,7:04,27,31,0.98,0,0,--,0,0,0,0:00,0,0:00,No,00:00.0,--,0
Running,4/6/2016 5:22,FALSE,Alameda Running,,5.03,412,0:49:52,179,193,9:54,8:23,22,25,0.91,0,0,--,0,0,0,0:00,0,0:00,No,00:00.0,--,0
Running,5/13/2015 6:21,FALSE,Alameda Running,,5.03,412,0:48:10,--,--,9:35,7:56,17,21,0,0,0,--,0,0,0,0:00,0,0:00,No,00:00.0,--,0
Running,9/13/2016 5:26,FALSE,Alameda Running,,5.02,397,0:46:57,183,193,9:21,7:06,7,11,0.94,0,0,--,0,0,0,0:00,0,0:00,No,00:00.0,--,0
Running,12/25/2016 9:26,FALSE,Alameda Running,,5.01,381,1:00:44,123,201,12:08,4:30,7,9,1.08,0,0,--,0,0,0,0:00,0,0:00,No,00:00.0,--,0
Running,11/22/2016 6:27,FALSE,Alameda Running,,5.01,391,0:48:01,188,195,9:35,6:59,28,34,0.89,0,0,--,0,0,0,0:00,0,0:00,No,00:00.0,--,0
Running,11/10/2016 6:21,FALSE,Alameda Running,,5.01,387,0:45:35,187,197,9:06,7:45,21,24,0.94,0,0,--,0,0,0,0:00,0,0:00,No,00:00.0,--,0
Running,10/20/2016 5:28,FALSE,Alameda Running,,5.01,390,0:49:03,183,193,9:48,7:51,21,25,0.9,0,0,--,0,0,0,0:00,0,0:00,No,00:00.0,--,0
Running,10/2/2016 7:22,FALSE,Alameda Running,,5.01,340,1:08:12,144,193,13:37,8:06,3,3,0.82,0,0,--,0,0,0,0:00,0,0:00,No,00:00.0,--,0
Running,9/29/2016 5:30,FALSE,Alameda Running,,5.01,392,0:51:10,175,191,10:12,7:40,8,11,0.9,0,0,--,0,0,0,0:00,0,0:00,No,00:00.0,--,0
Running,4/13/2016 5:17,FALSE,Alameda Running,,5.01,409,0:45:02,185,195,9:00,7:16,20,25,0.97,0,0,--,0,0,0,0:00,0,0:00,No,00:00.0,--,0
Running,3/30/2016 5:28,FALSE,Alameda Running,,5.01,411,0:47:17,185,194,9:26,7:12,28,34,0.92,0,0,--,0,0,0,0:00,0,0:00,No,00:00.0,--,0
Running,12/23/2015 7:12,FALSE,Alameda Running,,5.01,408,0:46:32,184,195,9:18,8:26,--,4,0.94,0,0,--,0,0,0,0:00,0,0:00,No,00:00.0,--,0
Running,12/2/2015 6:31,FALSE,Alameda Running,,5.01,408,0:47:05,186,197,9:24,7:56,28,33,0.92,0,0,--,0,0,0,0:00,0,0:00,No,00:00.0,--,0
Running,2/14/2015 9:12,FALSE,Alameda Running,,5.01,408,0:44:24,--,--,8:51,6:54,29,30,0,0,0,--,0,0,0,0:00,0,0:00,No,00:00.0,--,0
Running,9/15/2016 5:25,FALSE,Alameda Running,,5,393,0:47:28,177,194,9:29,7:29,7,11,0.96,0,0,--,0,0,0,0:00,0,0:00,No,00:00.0,--,0
Running,8/6/2016 6:22,FALSE,Alameda Running,,5,406,0:47:27,179,195,9:29,7:35,6,10,0.95,0,0,--,0,0,0,0:00,0,0:00,No,00:00.0,--,0
Running,10/31/2015 7:21,FALSE,Alameda Running,,5,408,0:46:48,183,197,9:21,8:00,28,32,0.94,0,0,--,0,0,0,0:00,0,0:00,No,00:00.0,--,0
Running,5/26/2015 17:39,FALSE,treadmill running,,5,395,0:50:00,--,--,10:00,--,--,--,0,0,0,--,0,0,0,0:00,0,0:00,No,00:00.0,--,0
Running,5/25/2015 16:37,FALSE,treadmill running,,5,387,0:49:00,--,--,9:48,--,--,--,0,0,0,--,0,0,0,0:00,0,0:00,No,00:00.0,--,0
Running,5/18/2015 18:51,FALSE,Running treadmill,,5,391,0:45:00,--,--,9:00,--,--,--,0,0,0,--,0,0,0,0:00,0,0:00,No,00:00.0,--,0
Running,12/29/2015 7:36,FALSE,Alameda Running,,4.93,403,0:46:32,188,197,9:26,8:00,7,10,0.91,0,0,--,0,0,0,0:00,0,0:00,No,00:00.0,--,0
Running,5/6/2015 6:26,FALSE,Alameda Running,,4.85,395,0:43:02,--,--,8:52,6:52,16,17,0,0,0,--,0,0,0,0:00,0,0:00,No,00:00.0,--,0
Running,12/31/2016 8:58,FALSE,Berkeley Running,,4.83,355,1:02:03,131,201,12:51,7:45,442,445,0.95,0,0,--,0,0,0,0:00,0,0:00,No,00:00.0,--,0
Running,10/16/2016 7:28,FALSE,Alameda Running,,4.83,374,0:49:51,176,194,10:19,8:09,--,4,0.89,0,0,--,0,0,0,0:00,0,0:00,No,00:00.0,--,0
Running,1/29/2015 15:37,FALSE,Alameda Running,,4.76,387,0:42:27,--,--,8:55,7:17,10,8,0,0,0,--,0,0,0,0:00,0,0:00,No,00:00.0,--,0
Running,8/12/2013 5:51,FALSE,Monday morning run short,,4.76,419,0:47:56,--,--,10:05,5:48,135,213,0,0,0,--,0,0,0,0:00,0,0:00,No,00:00.0,--,0
Running,12/26/2016 10:26,FALSE,Alameda Running,,4.75,367,0:53:29,144,195,11:16,7:58,8,12,0.99,0,0,--,0,0,0,0:00,0,0:00,No,00:00.0,--,0
Running,11/4/2014 6:28,FALSE,Untitled,,4.72,385,0:43:02,--,--,9:07,8:10,114,155,0,0,0,--,0,0,0,0:00,0,0:00,No,00:00.0,--,0
Running,8/5/2013 5:47,FALSE,Monday morning run,,4.71,401,0:44:42,--,--,9:30,6:15,125,449,0,0,0,--,0,0,0,0:00,0,0:00,No,00:00.0,--,0
Running,12/5/2014 6:37,FALSE,Untitled,,4.7,383,0:40:56,--,--,8:43,6:41,14,10,0,0,0,--,0,0,0,0:00,0,0:00,No,00:00.0,--,0
Running,9/2/2014 6:19,FALSE,Untitled,,4.7,382,0:41:10,--,--,8:46,7:07,13,12,0,0,0,--,0,0,0,0:00,0,0:00,No,00:00.0,--,0
Running,2/7/2015 9:02,FALSE,Alameda Running,,4.69,381,0:43:39,--,--,9:19,7:52,6,3,0,0,0,--,0,0,0,0:00,0,0:00,No,00:00.0,--,0
Running,11/7/2014 6:27,FALSE,Untitled,,4.67,379,0:42:43,--,--,9:09,7:15,7,7,0,0,0,--,0,0,0,0:00,0,0:00,No,00:00.0,--,0
Running,8/26/2014 6:13,FALSE,Untitled,,4.66,380,0:43:37,--,--,9:22,7:53,2,5,0,0,0,--,0,0,0,0:00,0,0:00,No,00:00.0,--,0
Running,7/9/2014 6:08,FALSE,Untitled,,4.66,378,0:41:00,--,--,8:48,7:18,17,18,0,0,0,--,0,0,0,0:00,0,0:00,No,00:00.0,--,0
Running,8/20/2014 6:28,FALSE,Untitled,,4.65,380,0:39:59,--,--,8:36,7:06,6,9,0,0,0,--,0,0,0,0:00,0,0:00,No,00:00.0,--,0
Running,3/13/2014 7:16,FALSE,Untitled,,4.65,377,0:39:39,--,--,8:32,7:17,4,--,0,0,0,--,0,0,0,0:00,0,0:00,No,00:00.0,--,0
Running,8/26/2017 7:13,FALSE,Paris Running,,4.64,357,0:55:24,144,202,11:57,4:21,193,144,0.93,0,0,--,0,0,0,0:00,0,0:00,No,00:00.0,--,0
Running,11/14/2014 6:26,FALSE,Untitled,,4.64,379,0:43:01,--,--,9:16,7:05,23,25,0,0,0,--,0,0,0,0:00,0,0:00,No,00:00.0,--,0
Running,10/28/2014 7:06,FALSE,Untitled,,4.6,375,0:42:00,--,--,9:07,7:47,4,3,0,0,0,--,0,0,0,0:00,0,0:00,No,00:00.0,--,0
Running,12/27/2013 8:40,FALSE,Untitled,,4.6,383,0:47:57,--,--,10:26,7:14,417,433,0,0,0,--,0,0,0,0:00,0,0:00,No,00:00.0,--,0
Running,11/11/2014 6:18,FALSE,Untitled,,4.59,372,0:42:38,--,--,9:17,7:14,7,7,0,0,0,--,0,0,0,0:00,0,0:00,No,00:00.0,--,0
Running,3/21/2014 6:50,FALSE,Untitled,,4.59,372,0:14:28,--,--,3:09,7:31,25,16,0,0,0,--,0,0,0,0:00,0,0:00,No,00:00.0,--,0
Running,1/1/2014 9:34,FALSE,Untitled,,4.58,381,0:46:17,--,--,10:06,7:08,544,480,0,0,0,--,0,0,0,0:00,0,0:00,No,00:00.0,--,0
Running,7/22/2013 5:56,FALSE,Untitled,,4.58,389,0:43:34,--,--,9:31,2:22,292,361,0,0,0,--,0,0,0,0:00,0,0:00,No,00:00.0,--,0
Running,4/11/2014 6:51,FALSE,Untitled,,4.56,372,0:37:49,--,--,8:18,7:10,132,60,0,0,0,--,0,0,0,0:00,0,0:00,No,00:00.0,--,0
Running,7/30/2016 7:32,FALSE,Berkeley Running,,4.53,365,0:45:20,181,193,10:01,6:51,407,376,0.89,0,0,--,0,0,0,0:00,0,0:00,No,00:00.0,--,0
Running,10/19/2013 8:22,FALSE,Untitled,,4.53,380,0:42:19,--,--,9:21,5:59,59,64,0,0,0,--,0,0,0,0:00,0,0:00,No,00:00.0,--,0
Running,6/28/2015 9:49,FALSE,Alameda Running,,4.52,374,0:44:02,150,191,9:45,4:14,--,4,1.1,0,0,--,0,0,0,0:00,0,0:00,No,00:00.0,--,0
Running,12/15/2015 6:25,FALSE,Alameda Running,,4.51,369,0:42:58,184,197,9:32,7:53,--,6,0.92,0,0,--,0,0,0,0:00,0,0:00,No,00:00.0,--,0
Running,12/8/2015 6:27,FALSE,Alameda Running,,4.5,368,0:41:48,183,197,9:17,7:29,--,4,0.95,0,0,--,0,0,0,0:00,0,0:00,No,00:00.0,--,0
Running,2/16/2016 6:42,FALSE,Alameda Running,,4.48,366,0:40:15,182,193,8:59,5:27,4,7,0.99,0,0,--,0,0,0,0:00,0,0:00,No,00:00.0,--,0
Running,10/24/2014 6:46,FALSE,Untitled,,4.47,369,0:41:25,--,--,9:16,7:37,15,10,0,0,0,--,0,0,0,0:00,0,0:00,No,00:00.0,--,0
Running,2/9/2016 6:37,FALSE,Alameda Running,,4.46,365,0:44:03,173,191,9:52,8:09,--,4,0.94,0,0,--,0,0,0,0:00,0,0:00,No,00:00.0,--,0
Running,9/23/2015 17:03,FALSE,Oakland Running,,4.46,363,0:44:07,167,197,9:54,1:11,52,52,0.97,0,0,--,0,0,0,0:00,0,0:00,No,00:00.0,--,0
Running,9/1/2015 17:03,FALSE,Oakland Running,,4.45,361,0:42:48,171,197,9:36,0:42,44,47,0.98,0,0,--,0,0,0,0:00,0,0:00,No,00:00.0,--,0
Running,7/4/2014 7:52,FALSE,Untitled,,4.45,359,0:43:52,--,--,9:51,6:43,342,312,0,0,0,--,0,0,0,0:00,0,0:00,No,00:00.0,--,0
Running,1/4/2014 9:36,FALSE,Untitled,,4.44,371,0:43:00,--,--,9:40,6:32,326,367,0,0,0,--,0,0,0,0:00,0,0:00,No,00:00.0,--,0
Running,11/6/2013 7:29,FALSE,Untitled,,4.44,372,0:37:38,--,--,8:29,6:55,32,37,0,0,0,--,0,0,0,0:00,0,0:00,No,00:00.0,--,0
Running,9/8/2016 5:33,FALSE,Alameda Running,,4.41,350,0:43:48,180,193,9:56,7:34,--,4,0.9,0,0,89,0,0,0,0:00,0,0:00,No,00:00.0,--,0
Running,10/4/2015 15:28,FALSE,Oakland running,,4.4,334,0:45:00,--,--,10:14,--,--,--,0,0,0,--,0,0,0,0:00,0,0:00,No,00:00.0,--,0
Running,2/25/2016 16:03,FALSE,Oakland Running,,4.39,357,0:44:50,158,242,10:13,4:47,47,41,0.99,0,0,--,0,0,0,0:00,0,0:00,No,00:00.0,--,0
Running,1/1/2017 9:02,FALSE,Alameda Running,,4.38,338,0:57:33,126,242,13:07,7:06,--,4,0.97,0,0,--,0,0,0,0:00,0,0:00,No,00:00.0,--,0
Running,1/2/2017 9:13,FALSE,Alameda Running,,4.35,337,0:40:48,148,197,9:23,8:11,--,4,1.16,0,0,--,0,0,0,0:00,0,0:00,No,00:00.0,--,0
Running,10/6/2016 5:26,FALSE,Alameda Running,,4.35,336,0:43:47,172,195,10:04,8:04,6,10,0.93,0,0,--,0,0,0,0:00,0,0:00,No,00:00.0,--,0
Running,7/14/2015 5:43,FALSE,Alameda Running,,4.35,354,0:38:32,114,195,8:51,7:45,2,5,1.6,0,0,--,0,0,0,0:00,0,0:00,No,00:00.0,--,0
Running,7/18/2014 6:15,FALSE,Untitled,,4.34,354,0:38:51,--,--,8:57,7:23,9,7,0,0,0,--,0,0,0,0:00,0,0:00,No,00:00.0,--,0
Running,8/23/2017 6:10,FALSE,Hyde Park Ward Running,,4.28,340,0:42:46,167,195,10:00,5:30,69,71,0.97,0,0,--,0,0,0,0:00,0,0:00,No,00:00.0,--,0
Running,12/30/2014 6:23,FALSE,Alameda Running,,4.28,358,0:41:11,--,--,9:37,6:14,14,13,0,0,0,--,0,0,0,0:00,0,0:00,No,00:00.0,--,0
Running,5/14/2016 6:40,FALSE,Alameda Running,,4.27,348,0:44:08,165,197,10:20,7:10,5,11,0.94,0,0,--,0,0,0,0:00,0,0:00,No,00:00.0,--,0
Running,3/2/2016 6:27,FALSE,Alameda Running,,4.27,349,0:41:07,184,195,9:37,7:19,--,4,0.91,0,0,--,0,0,0,0:00,0,0:00,No,00:00.0,--,0
Running,3/24/2015 6:45,FALSE,Alameda Running,,4.2,332,0:40:00,--,--,9:31,--,--,--,0,0,0,--,0,0,0,0:00,0,0:00,No,00:00.0,--,0
Running,5/9/2014 6:47,FALSE,Untitled,,4.16,336,0:36:06,--,--,8:41,6:39,14,11,0,0,0,--,0,0,0,0:00,0,0:00,No,00:00.0,--,0
Running,5/16/2014 6:33,FALSE,Untitled,,4.14,335,0:36:39,--,--,8:52,7:17,19,19,0,0,0,--,0,0,0,0:00,0,0:00,No,00:00.0,--,0
Running,8/29/2014 7:20,FALSE,Untitled,,4.13,335,0:34:25,--,--,8:20,6:19,3,--,0,0,0,--,0,0,0,0:00,0,0:00,No,00:00.0,--,0
Running,3/26/2015 6:37,FALSE,Alameda Running,,4.12,336,0:38:35,--,--,9:22,7:55,6,9,0,0,0,--,0,0,0,0:00,0,0:00,No,00:00.0,--,0
Running,1/7/2016 6:31,FALSE,Alameda Running,,4.11,338,0:41:22,183,193,10:05,8:49,--,3,0.87,0,0,--,0,0,0,0:00,0,0:00,No,00:00.0,--,0
Running,4/7/2015 6:52,FALSE,Alameda Running,,4.11,335,0:41:25,--,--,10:05,8:10,5,8,0,0,0,--,0,0,0,0:00,0,0:00,No,00:00.0,--,0
Running,9/8/2018 7:16,FALSE,Pittsburgh Running,,4.1,325,0:40:46,152,193,9:56,7:13,290,291,1.06,0,0,--,0,0,0,0:00,0,0:00,No,00:00.0,5,0
Running,8/19/2018 9:10,FALSE,Pittsburgh Running,,4.09,321,0:42:28,126,193,10:23,4:33,20,23,1.23,0,0,--,0,0,0,0:00,0,0:00,No,00:00.0,5,0
Running,4/14/2015 6:33,FALSE,Alameda Running,,4.09,333,0:37:08,--,--,9:05,6:42,--,--,0,0,0,--,0,0,0,0:00,0,0:00,No,00:00.0,--,0
Running,4/2/2015 6:39,FALSE,Alameda Running,,4.09,335,0:38:14,--,--,9:21,6:13,6,8,0,0,0,--,0,0,0,0:00,0,0:00,No,00:00.0,--,0
Running,3/31/2015 6:33,FALSE,Alameda Running,,4.09,333,0:36:19,--,--,8:53,4:32,5,6,0,0,0,--,0,0,0,0:00,0,0:00,No,00:00.0,--,0
Running,11/2/2013 10:50,FALSE,Untitled,,4.09,338,0:34:40,--,--,8:28,6:37,42,60,0,0,0,--,0,0,0,0:00,0,0:00,No,00:00.0,--,0
Running,4/16/2015 6:31,FALSE,Alameda Running,,4.08,333,0:39:25,--,--,9:39,8:17,3,1,0,0,0,--,0,0,0,0:00,0,0:00,No,00:00.0,--,0
Running,4/9/2015 6:40,FALSE,Alameda Running,,4.07,332,0:36:51,--,--,9:04,7:31,6,5,0,0,0,--,0,0,0,0:00,0,0:00,No,00:00.0,--,0
Running,9/16/2015 17:05,FALSE,Oakland Running,,4.06,329,0:39:24,165,246,9:42,1:53,564,912,1.01,0,0,--,0,0,0,0:00,0,0:00,No,00:00.0,--,0
Running,9/11/2016 7:07,FALSE,Alameda Running,,4.05,322,0:39:10,185,193,9:41,8:52,--,2,0.9,0,0,92,0,0,0,0:00,0,0:00,No,00:00.0,--,0
Running,12/25/2014 7:30,FALSE,Alameda Running,,4.05,329,0:35:13,--,--,8:42,7:20,5,5,0,0,0,--,0,0,0,0:00,0,0:00,No,00:00.0,--,0
Running,7/19/2017 5:21,FALSE,Alameda Running,,4.04,323,0:35:21,187,195,8:45,6:58,--,4,0.98,0,0,--,0,0,0,0:00,0,0:00,No,00:00.0,--,0
Running,7/18/2017 5:15,FALSE,Alameda Running,,4.04,323,0:35:40,186,195,8:49,7:40,--,4,0.98,0,0,--,0,0,0,0:00,0,0:00,No,00:00.0,--,0
Running,7/16/2015 5:37,FALSE,Alameda Running,,4.04,328,0:37:04,103,195,9:11,8:11,5,8,1.7,0,0,--,0,0,0,0:00,0,0:00,No,00:00.0,--,0
Running,10/22/2017 8:07,FALSE,Alameda Running,,4.03,317,0:36:46,188,195,9:07,8:11,--,--,0.94,0,0,--,0,0,0,0:00,0,0:00,No,00:00.0,--,0
Running,9/26/2017 5:27,FALSE,Alameda Running,,4.03,318,0:38:29,185,196,9:33,7:41,--,4,0.91,0,0,--,0,0,0,0:00,0,0:00,No,00:00.0,--,0
Running,8/10/2017 5:15,FALSE,Alameda Running,,4.03,318,0:37:47,186,193,9:22,7:35,--,7,0.92,0,0,--,0,0,0,0:00,0,0:00,No,00:00.0,--,0
Running,8/1/2017 5:26,FALSE,Alameda Running,,4.03,314,0:35:37,186,193,8:51,7:17,--,4,0.98,0,0,--,0,0,0,0:00,0,0:00,No,00:00.0,--,0
Running,7/25/2017 5:16,FALSE,Alameda Running,,4.03,319,0:36:17,186,194,9:00,7:47,--,4,0.96,0,0,--,0,0,0,0:00,0,0:00,No,00:00.0,--,0
Running,8/16/2016 5:30,FALSE,Alameda Running,,4.03,324,0:37:45,182,193,9:22,6:29,--,4,0.95,0,0,90,0,0,0,0:00,0,0:00,No,00:00.0,--,0
Running,3/19/2016 7:13,FALSE,Alameda Running,,4.03,330,0:37:56,181,194,9:25,7:33,--,4,0.94,0,0,--,0,0,0,0:00,0,0:00,No,00:00.0,--,0
Running,7/29/2015 5:12,FALSE,Alameda Running,,4.03,331,0:39:15,103,187,9:45,7:25,14,17,1.6,0,0,--,0,0,0,0:00,0,0:00,No,00:00.0,--,0
Running,11/7/2017 6:27,FALSE,Alameda Running,,4.02,316,0:34:30,189,197,8:34,7:34,--,4,0.99,0,0,--,0,0,0,0:00,0,0:00,No,00:00.0,5,0
Running,11/1/2017 5:22,FALSE,Alameda Running,,4.02,316,0:34:42,187,197,8:38,7:32,--,3,1,0,0,--,0,0,0,0:00,0,0:00,No,00:00.0,--,0
Running,10/25/2017 5:41,FALSE,Alameda Running,,4.02,315,0:37:15,183,195,9:16,7:30,--,6,0.95,0,0,--,0,0,0,0:00,0,0:00,No,00:00.0,--,0
Running,9/27/2017 5:22,FALSE,Alameda Running,,4.02,317,0:38:14,186,195,9:31,7:22,--,3,0.91,0,0,--,0,0,0,0:00,0,0:00,No,00:00.0,--,0
Running,5/31/2017 5:25,FALSE,Alameda Running,,4.02,319,0:42:26,155,201,10:33,8:13,--,4,1,0,0,--,0,0,0,0:00,0,0:00,No,00:00.0,--,0
Running,4/9/2017 7:56,FALSE,Alameda Running,,4.02,318,0:36:18,186,195,9:02,8:09,4,7,0.96,0,0,--,0,0,0,0:00,0,0:00,No,00:00.0,--,0
Running,9/22/2016 5:17,FALSE,Alameda Running,,4.02,317,0:37:23,185,195,9:18,7:28,--,5,0.93,0,0,--,0,0,0,0:00,0,0:00,No,00:00.0,--,0
Running,9/4/2016 6:31,FALSE,Alameda Running,,4.02,319,0:38:16,181,238,9:32,7:40,--,5,0.93,0,0,90,0,0,0,0:00,0,0:00,No,00:00.0,--,0
Running,8/30/2016 5:27,FALSE,Alameda Running,,4.02,327,0:37:10,182,193,9:14,7:41,--,4,0.96,0,0,91,0,0,0,0:00,0,0:00,No,00:00.0,--,0
Running,8/23/2016 5:32,FALSE,Alameda Running,,4.02,332,0:37:21,183,193,9:17,8:00,--,5,0.95,0,0,91,0,0,0,0:00,0,0:00,No,00:00.0,--,0
Running,8/18/2016 5:27,FALSE,Alameda Running,,4.02,321,0:36:48,184,193,9:09,7:21,--,4,0.95,0,0,92,0,0,0,0:00,0,0:00,No,00:00.0,--,0
Running,3/29/2016 5:30,FALSE,Alameda Running,,4.02,329,0:37:20,185,195,9:18,7:26,16,21,0.94,0,0,--,0,0,0,0:00,0,0:00,No,00:00.0,--,0
Running,3/9/2016 6:34,FALSE,Alameda Running,,4.02,332,0:38:56,180,195,9:42,8:04,12,17,0.92,0,0,--,0,0,0,0:00,0,0:00,No,00:00.0,--,0
Running,11/24/2015 6:31,FALSE,Alameda Running,,4.02,326,0:37:14,178,197,9:16,8:02,--,3,0.98,0,0,--,0,0,0,0:00,0,0:00,No,00:00.0,--,0
Running,8/26/2018 8:23,FALSE,Pittsburgh Running,,4.01,315,0:42:16,171,194,10:33,8:39,49,39,0.89,0,0,--,0,0,0,0:00,0,0:00,No,00:00.0,5,0
Running,2/4/2017 8:34,FALSE,Alameda Running,,4.01,318,0:35:29,185,195,8:52,8:09,--,3,0.98,0,0,--,0,0,0,0:00,0,0:00,No,00:00.0,--,0
Running,1/14/2017 9:13,FALSE,Alameda Running,,4.01,311,0:35:04,127,197,8:45,7:29,13,19,1.45,0,0,--,0,0,0,0:00,0,0:00,No,00:00.0,--,0
Running,12/17/2016 8:28,FALSE,Alameda Running,,4.01,310,0:36:55,135,201,9:12,7:36,--,4,1.29,0,0,--,0,0,0,0:00,0,0:00,No,00:00.0,--,0
Running,11/27/2016 8:54,FALSE,Alameda Running,,4.01,310,0:38:39,180,195,9:38,7:25,--,4,0.93,0,0,--,0,0,0,0:00,0,0:00,No,00:00.0,--,0
Running,11/17/2016 6:19,FALSE,Alameda Running,,4.01,312,0:36:55,188,197,9:12,7:36,13,17,0.93,0,0,--,0,0,0,0:00,0,0:00,No,00:00.0,--,0
Running,11/3/2016 5:10,FALSE,Alameda Running,,4.01,311,0:35:47,184,193,8:56,7:07,--,3,0.98,0,0,--,0,0,0,0:00,0,0:00,No,00:00.0,--,0
Running,10/9/2016 7:04,FALSE,Alameda Running,,4.01,314,0:40:28,170,195,10:05,6:46,--,5,0.94,0,0,--,0,0,0,0:00,0,0:00,No,00:00.0,--,0
Running,8/28/2016 7:37,FALSE,Alameda Running,,4.01,321,0:36:05,184,240,9:00,5:29,--,3,0.97,0,0,92,0,0,0,0:00,0,0:00,No,00:00.0,--,0
Running,8/21/2016 7:33,FALSE,Alameda Running,,4.01,330,0:36:55,183,195,9:12,7:27,--,6,0.95,0,0,91,0,0,0,0:00,0,0:00,No,00:00.0,--,0
Running,7/23/2016 6:25,FALSE,Alameda Running,,4.01,327,0:36:10,182,246,9:01,7:18,22,22,0.98,0,0,--,0,0,0,0:00,0,0:00,No,00:00.0,--,0
Running,4/5/2016 5:31,FALSE,Alameda Running,,4.01,325,0:35:34,184,195,8:52,7:44,3,11,0.99,0,0,--,0,0,0,0:00,0,0:00,No,00:00.0,--,0
Running,3/22/2016 5:37,FALSE,Alameda Running,,4.01,326,0:36:48,179,191,9:11,8:04,--,3,0.98,0,0,--,0,0,0,0:00,0,0:00,No,00:00.0,--,0
Running,12/1/2015 6:29,FALSE,Alameda Running,,4.01,325,0:36:41,186,195,9:09,7:47,--,4,0.95,0,0,--,0,0,0,0:00,0,0:00,No,00:00.0,--,0
Running,11/18/2015 6:36,FALSE,Alameda Running,,4.01,323,0:35:58,184,201,8:58,7:54,14,19,0.97,0,0,--,0,0,0,0:00,0,0:00,No,00:00.0,--,0
Running,10/24/2015 6:44,FALSE,Alameda Running,,4.01,326,0:37:53,126,193,9:27,7:39,14,18,1.35,0,0,--,0,0,0,0:00,0,0:00,No,00:00.0,--,0
Running,8/5/2015 5:24,FALSE,Alameda Running,,4.01,326,0:35:42,184,197,8:54,7:22,--,5,0.98,0,0,--,0,0,0,0:00,0,0:00,No,00:00.0,--,0
Running,7/23/2015 5:43,FALSE,Alameda Running,,4.01,331,0:34:18,110,199,8:33,6:58,4,4,1.71,0,0,--,0,0,0,0:00,0,0:00,No,00:00.0,--,0
Running,5/26/2014 7:40,FALSE,Untitled,,4.01,315,0:42:41,--,--,10:39,3:38,503,354,0,0,0,--,0,0,0,0:00,0,0:00,No,00:00.0,--,0
Running,9/26/2018 7:00,FALSE,Pittsburgh Running,,4,299,0:58:38,125,195,14:38,5:15,228,230,0.88,0,0,--,0,0,0,0:00,0,0:00,No,00:00.0,5,0
Running,11/8/2017 6:16,FALSE,Alameda Running,,4,316,0:34:15,189,197,8:33,7:07,--,4,1,0,0,--,0,0,0,0:00,0,0:00,No,00:00.0,5,0
Running,6/21/2017 16:34,FALSE,Oakland Running,,4,298,0:34:50,174,194,8:42,2:10,36,53,1.08,0,0,--,0,0,0,0:00,0,0:00,No,00:00.0,--,0
Running,1/28/2017 9:36,FALSE,Alameda Running,,4,318,0:35:03,188,199,8:45,7:27,14,19,0.98,0,0,--,0,0,0,0:00,0,0:00,No,00:00.0,--,0
Running,1/15/2017 9:41,FALSE,Alameda Running,,4,318,0:36:06,185,195,9:01,7:59,--,3,0.96,0,0,--,0,0,0,0:00,0,0:00,No,00:00.0,--,0
Running,4/12/2016 5:21,FALSE,Alameda Running,,4,326,0:35:18,181,191,8:49,7:59,--,3,1.01,0,0,--,0,0,0,0:00,0,0:00,No,00:00.0,--,0
Running,3/16/2016 5:37,FALSE,Alameda Running,,4,328,0:38:56,181,246,9:43,8:10,--,4,0.92,0,0,--,0,0,0,0:00,0,0:00,No,00:00.0,--,0
Running,2/17/2016 6:36,FALSE,Alameda Running,,4,328,0:37:50,179,193,9:27,8:03,--,4,0.95,0,0,--,0,0,0,0:00,0,0:00,No,00:00.0,--,0
Running,11/12/2015 6:31,FALSE,Alameda Running,,4,327,0:38:03,185,197,9:30,7:08,--,4,0.91,0,0,--,0,0,0,0:00,0,0:00,No,00:00.0,--,0
Running,9/22/2015 5:29,FALSE,Alameda Running,,4,328,0:38:55,184,195,9:43,8:27,4,7,0.9,0,0,--,0,0,0,0:00,0,0:00,No,00:00.0,--,0
Running,7/21/2015 5:34,FALSE,Alameda Running,,4,328,0:37:30,108,194,9:22,7:53,--,3,1.59,0,0,--,0,0,0,0:00,0,0:00,No,00:00.0,--,0
Running,5/27/2015 23:40,FALSE,treadmill running,,4,313,0:36:00,--,--,9:00,--,--,--,0,0,0,--,0,0,0,0:00,0,0:00,No,00:00.0,--,0
Running,8/19/2014 17:44,FALSE,Untitled,,4,326,0:34:05,--,--,8:31,6:41,--,--,0,0,0,--,0,0,0,0:00,0,0:00,No,00:00.0,--,0
Running,7/1/2016 5:59,FALSE,Alameda Running,,3.94,321,0:37:05,170,193,9:25,7:44,8,14,1.01,0,0,--,0,0,0,0:00,0,0:00,No,00:00.0,--,0
Running,2/23/2016 6:37,FALSE,Alameda Running,,3.9,319,0:35:33,184,196,9:07,7:30,--,6,0.96,0,0,--,0,0,0,0:00,0,0:00,No,00:00.0,--,0
Running,10/17/2015 7:53,FALSE,Alameda Running,,3.9,316,0:38:45,175,193,9:57,8:19,--,3,0.93,0,0,--,0,0,0,0:00,0,0:00,No,00:00.0,--,0
Running,4/12/2014 7:51,FALSE,Untitled,,3.86,313,0:32:08,--,--,8:20,6:47,66,39,0,0,0,--,0,0,0,0:00,0,0:00,No,00:00.0,--,0
Running,8/5/2014 6:09,FALSE,Untitled,,3.85,316,0:37:02,--,--,9:37,8:05,7,3,0,0,0,--,0,0,0,0:00,0,0:00,No,00:00.0,--,0
Running,7/5/2017 16:35,FALSE,Oakland Running,,3.81,297,0:31:31,180,200,8:16,0:39,20,54,1.09,0,0,--,0,0,0,0:00,0,0:00,No,00:00.0,--,0
Running,10/17/2014 6:49,FALSE,Untitled,,3.81,310,0:34:14,--,--,8:59,7:37,8,7,0,0,0,--,0,0,0,0:00,0,0:00,No,00:00.0,--,0
Running,8/6/2014 6:03,FALSE,Untitled,,3.81,311,0:35:00,--,--,9:11,7:49,7,2,0,0,0,--,0,0,0,0:00,0,0:00,No,00:00.0,--,0
Running,9/13/2017 16:35,FALSE,Oakland Running,,3.79,303,0:31:51,187,197,8:25,1:11,18,46,1.03,0,0,--,0,0,0,0:00,0,0:00,No,00:00.0,--,0
Running,8/9/2017 16:40,FALSE,Oakland Running,,3.76,299,0:35:44,179,197,9:30,2:52,16,47,0.95,0,0,--,0,0,0,0:00,0,0:00,No,00:00.0,--,0
Running,3/9/2014 9:14,FALSE,Untitled,,3.72,303,0:36:17,--,--,9:45,6:07,520,363,0,0,0,--,0,0,0,0:00,0,0:00,No,00:00.0,--,0
Running,6/24/2015 7:02,FALSE,Alameda Running,,3.67,301,0:35:10,140,195,9:35,8:19,--,3,1.2,0,0,--,0,0,0,0:00,0,0:00,No,00:00.0,--,0
Running,3/1/2016 6:35,FALSE,Alameda Running,,3.62,299,0:34:42,185,193,9:35,7:14,--,3,0.91,0,0,--,0,0,0,0:00,0,0:00,No,00:00.0,--,0
Running,11/21/2014 6:32,FALSE,Untitled,,3.62,295,0:32:54,--,--,9:05,4:49,6,7,0,0,0,--,0,0,0,0:00,0,0:00,No,00:00.0,--,0
Running,2/16/2019 9:22,FALSE,Pittsburgh Running,,3.61,260,0:48:56,163,196,13:32,9:27,173,196,0.73,0,0,--,0,0,0,0:00,0,0:00,No,08:11.2,4,0
Running,3/8/2016 6:47,FALSE,Alameda Running,,3.61,295,0:34:21,182,195,9:30,7:37,--,3,0.93,0,0,--,0,0,0,0:00,0,0:00,No,00:00.0,--,0
Running,11/17/2015 6:28,FALSE,Alameda Running,,3.61,293,0:33:33,186,196,9:18,6:15,6,9,0.93,0,0,--,0,0,0,0:00,0,0:00,No,00:00.0,--,0
Running,4/19/2016 5:20,FALSE,Alameda Running,,3.59,293,0:33:11,183,195,9:15,7:40,--,4,0.95,0,0,--,0,0,0,0:00,0,0:00,No,00:00.0,--,0
Running,11/10/2015 6:28,FALSE,Alameda Running,,3.55,290,0:33:28,188,201,9:26,8:38,4,9,0.91,0,0,--,0,0,0,0:00,0,0:00,No,00:00.0,--,0
Running,10/1/2014 6:31,FALSE,Untitled,,3.51,285,0:30:12,--,--,8:36,5:06,5,4,0,0,0,--,0,0,0,0:00,0,0:00,No,00:00.0,--,0
Running,11/3/2015 6:25,FALSE,Alameda Running,,3.44,280,0:32:23,186,195,9:25,8:04,--,3,0.92,0,0,--,0,0,0,0:00,0,0:00,No,00:00.0,--,0
Running,10/27/2015 5:30,FALSE,Alameda Running,,3.44,282,0:33:06,179,195,9:37,8:30,--,4,0.94,0,0,--,0,0,0,0:00,0,0:00,No,00:00.0,--,0
Running,1/18/2014 9:55,FALSE,Untitled,,3.4,295,0:33:03,--,--,9:43,6:11,59,63,0,0,0,--,0,0,0,0:00,0,0:00,No,00:00.0,--,0
Running,10/21/2017 7:44,FALSE,Oakland Running,,3.39,266,0:29:18,188,199,8:39,5:06,25,26,0.99,0,0,--,0,0,0,0:00,0,0:00,No,00:00.0,--,0
Running,9/29/2015 5:29,FALSE,Alameda Running,,3.38,277,0:31:52,184,197,9:26,8:52,--,3,0.93,0,0,--,0,0,0,0:00,0,0:00,No,00:00.0,--,0
Running,10/29/2015 5:26,FALSE,Alameda Running,,3.35,275,0:32:03,180,201,9:34,8:59,--,4,0.93,0,0,--,0,0,0,0:00,0,0:00,No,00:00.0,--,0
Running,2/17/2015 6:26,FALSE,Alameda Running,,3.35,271,0:30:07,--,--,8:59,6:59,--,--,0,0,0,--,0,0,0,0:00,0,0:00,No,00:00.0,--,0
Running,8/17/2014 8:03,FALSE,Untitled,,3.33,274,0:27:24,--,--,8:13,6:34,24,36,0,0,0,--,0,0,0,0:00,0,0:00,No,00:00.0,--,0
Running,3/15/2016 5:33,FALSE,Alameda Running,,3.32,271,0:32:54,178,192,9:54,8:00,--,4,0.91,0,0,--,0,0,0,0:00,0,0:00,No,00:00.0,--,0
Running,11/11/2015 6:29,FALSE,Alameda Running,,3.32,272,0:31:18,185,197,9:25,5:54,--,4,0.93,0,0,--,0,0,0,0:00,0,0:00,No,00:00.0,--,0
Running,10/28/2015 5:39,FALSE,Alameda Running,,3.32,271,0:30:56,182,195,9:20,8:19,--,3,0.95,0,0,--,0,0,0,0:00,0,0:00,No,00:00.0,--,0
Running,9/24/2015 5:23,FALSE,Alameda Running,,3.31,270,0:31:14,187,201,9:26,8:29,--,4,0.91,0,0,--,0,0,0,0:00,0,0:00,No,00:00.0,--,0
Running,3/12/2015 6:36,FALSE,Alameda Running,,3.28,267,0:29:43,--,--,9:04,5:08,--,--,0,0,0,--,0,0,0,0:00,0,0:00,No,00:00.0,--,0
Running,10/19/2014 8:38,FALSE,Untitled,,3.28,267,0:29:23,--,--,8:57,7:07,3,--,0,0,0,--,0,0,0,0:00,0,0:00,No,00:00.0,--,0
Running,11/5/2015 6:34,FALSE,Alameda Running,,3.23,262,0:29:24,176,197,9:06,8:36,--,2,1,0,0,--,0,0,0,0:00,0,0:00,No,00:00.0,--,0
Running,10/28/2018 9:51,FALSE,Pittsburgh Running,,3.22,255,0:30:21,184,197,9:25,7:30,217,198,0.93,0,0,--,0,0,0,0:00,0,0:00,No,01:57.0,4,0
Running,8/7/2018 8:39,FALSE,Pittsburgh Running,,3.22,252,0:31:38,176,193,9:50,7:50,199,201,0.93,0,0,--,0,0,0,0:00,0,0:00,No,00:00.0,4,0
Running,1/18/2014 9:23,FALSE,Untitled,,3.21,275,0:28:49,--,--,8:58,5:55,80,83,0,0,0,--,0,0,0,0:00,0,0:00,No,00:00.0,--,0
Running,3/5/2015 6:45,FALSE,Running,,3.2,243,0:29:00,--,--,9:04,--,--,--,0,0,0,--,0,0,0,0:00,0,0:00,No,00:00.0,--,0
Running,8/7/2014 17:55,FALSE,Untitled,,3.2,261,0:28:02,--,--,8:45,6:35,--,--,0,0,0,--,0,0,0,0:00,0,0:00,No,00:00.0,--,0
Running,5/2/2014 6:43,FALSE,Untitled,,3.2,262,0:26:35,--,--,8:19,7:02,--,--,0,0,0,--,0,0,0,0:00,0,0:00,No,00:00.0,--,0
Running,2/10/2015 6:25,FALSE,Alameda Running,,3.19,259,0:29:14,--,--,9:09,7:47,2,--,0,0,0,--,0,0,0,0:00,0,0:00,No,00:00.0,--,0
Running,1/1/2015 9:12,FALSE,Oakland Running,,3.19,258,0:27:20,--,--,8:33,3:26,36,73,0,0,0,--,0,0,0,0:00,0,0:00,No,00:00.0,--,0
Running,3/3/2015 6:36,FALSE,Alameda Running,,3.18,257,0:27:34,--,--,8:41,7:14,1,--,0,0,0,--,0,0,0,0:00,0,0:00,No,00:00.0,--,0
Running,10/9/2018 7:20,FALSE,Pittsburgh Running,,3.17,253,0:31:33,179,194,9:57,7:23,197,177,0.9,0,0,--,0,0,0,0:00,0,0:00,No,00:00.0,4,0
Running,1/24/2015 8:15,FALSE,Alameda Running,,3.17,269,0:29:47,--,--,9:24,3:47,967,25,0,0,0,--,0,0,0,0:00,0,0:00,No,00:00.0,--,0
Running,12/18/2014 6:40,FALSE,Alameda Running,,3.17,257,0:29:19,--,--,9:15,7:45,--,2,0,0,0,--,0,0,0,0:00,0,0:00,No,00:00.0,--,0
Running,8/23/2018 6:34,FALSE,Pittsburgh Running,,3.16,250,0:30:06,181,195,9:32,6:39,127,192,0.93,0,0,--,0,0,0,0:00,0,0:00,No,00:00.0,4,0
Running,1/8/2015 6:24,FALSE,Disney World 5k,,3.13,256,0:31:12,--,--,9:59,7:24,--,--,0,0,0,--,0,0,0,0:00,0,0:00,No,00:00.0,--,0
Running,10/6/2018 6:41,FALSE,Pittsburgh Running,,3.12,244,0:29:40,186,193,9:30,6:48,194,181,0.91,0,0,--,0,0,0,0:00,0,0:00,No,00:00.0,4,0
Running,9/14/2018 7:39,FALSE,Pittsburgh Running,,3.12,248,0:30:07,182,193,9:40,7:29,205,205,0.91,0,0,--,0,0,0,0:00,0,0:00,No,00:00.0,4,0
Running,10/21/2018 8:40,FALSE,Pittsburgh Running,,3.11,247,0:28:25,187,246,9:07,6:29,196,178,0.94,0,0,--,0,0,0,0:00,0,0:00,No,00:00.0,4,0
Running,9/1/2018 7:10,FALSE,Pittsburgh Running,,3.11,246,0:31:16,183,193,10:04,8:10,212,209,0.87,0,0,--,0,0,0,0:00,0,0:00,No,00:00.0,4,0
Running,10/16/2018 13:00,FALSE,Pittsburgh Running,,3.1,245,0:28:02,187,197,9:03,6:05,195,176,0.95,0,0,--,0,0,0,0:00,0,0:00,No,00:00.0,4,0
Running,9/21/2018 8:07,FALSE,Pittsburgh Running,,3.1,245,0:31:37,173,196,10:11,7:32,205,184,0.92,0,0,--,0,0,0,0:00,0,0:00,No,00:00.0,4,0
Running,10/24/2017 5:29,FALSE,Alameda Running,,3.1,244,0:29:45,179,193,9:35,7:55,--,5,0.94,0,0,--,0,0,0,0:00,0,0:00,No,00:00.0,--,0
Running,5/24/2017 5:33,FALSE,Alameda Running,,3.09,246,0:27:54,185,195,9:03,6:59,--,6,0.96,0,0,--,0,0,0,0:00,0,0:00,No,00:00.0,--,0
Running,3/10/2015 6:55,FALSE,Alameda Running,,3.09,253,0:28:56,--,--,9:22,4:40,3,--,0,0,0,--,0,0,0,0:00,0,0:00,No,00:00.0,--,0
Running,11/2/2017 5:32,FALSE,Alameda Running,,3.08,242,0:26:54,187,197,8:44,7:42,--,5,0.98,0,0,--,0,0,0,0:00,0,0:00,No,00:00.0,--,0
Running,12/22/2015 7:04,FALSE,Alameda Running,,3.08,253,0:28:46,181,195,9:20,6:46,--,7,0.95,0,0,--,0,0,0,0:00,0,0:00,No,00:00.0,--,0
Running,10/11/2014 7:17,FALSE,Untitled,,3.08,252,0:25:35,--,--,8:19,6:38,21,17,0,0,0,--,0,0,0,0:00,0,0:00,No,00:00.0,--,0
Running,7/7/2015 6:43,FALSE,Alameda Running,,3.07,249,0:28:15,107,197,9:12,8:29,3,5,1.64,0,0,--,0,0,0,0:00,0,0:00,No,00:00.0,--,0
Running,6/30/2015 6:53,FALSE,Alameda Running,,3.07,250,0:27:33,139,193,8:58,5:06,3,5,1.29,0,0,--,0,0,0,0:00,0,0:00,No,00:00.0,--,0
Running,3/17/2015 6:37,FALSE,Alameda Running,,3.07,248,0:27:34,--,--,8:59,8:02,--,3,0,0,0,--,0,0,0,0:00,0,0:00,No,00:00.0,--,0
Running,4/18/2014 6:54,FALSE,Untitled,,3.07,248,0:26:09,--,--,8:32,7:48,76,52,0,0,0,--,0,0,0,0:00,0,0:00,No,00:00.0,--,0
Running,10/3/2018 7:30,FALSE,Pittsburgh Running,,3.06,242,0:29:21,184,196,9:35,7:27,205,202,0.91,0,0,--,0,0,0,0:00,0,0:00,No,00:00.0,4,0
Running,7/11/2017 5:14,FALSE,Alameda Running,,3.06,244,0:27:47,184,195,9:05,7:42,--,5,0.96,0,0,--,0,0,0,0:00,0,0:00,No,00:00.0,--,0
Running,6/13/2017 5:16,FALSE,Alameda Running,,3.06,244,0:30:37,158,201,10:01,6:38,--,5,1.02,0,0,--,0,0,0,0:00,0,0:00,No,00:00.0,--,0
Running,5/17/2017 5:24,FALSE,Alameda Running,,3.06,245,0:27:15,185,195,8:54,7:16,--,4,0,0,0,--,0,0,0,0:00,0,0:00,No,00:00.0,--,0
Running,7/28/2016 5:15,FALSE,Alameda Running,,3.06,250,0:28:00,184,193,9:09,7:39,--,6,0.96,0,0,--,0,0,0,0:00,0,0:00,No,00:00.0,--,0
Running,3/19/2015 6:46,FALSE,Alameda Running,,3.06,248,0:27:51,--,--,9:06,7:50,--,3,0,0,0,--,0,0,0,0:00,0,0:00,No,00:00.0,--,0
Running,7/5/2017 5:13,FALSE,Alameda Running,,3.05,244,0:26:37,187,249,8:44,6:36,--,4,0.99,0,0,--,0,0,0,0:00,0,0:00,No,00:00.0,--,0
Running,12/17/2015 6:39,FALSE,Alameda Running,,3.05,250,0:29:06,183,195,9:32,7:33,--,4,0.92,0,0,--,0,0,0,0:00,0,0:00,No,00:00.0,--,0
Running,11/19/2015 6:38,FALSE,Alameda Running,,3.05,248,0:27:41,185,195,9:05,7:29,--,6,0.96,0,0,--,0,0,0,0:00,0,0:00,No,00:00.0,--,0
Running,6/9/2015 6:19,FALSE,Alameda Running,,3.05,249,0:29:26,--,--,9:39,8:01,4,7,0,0,0,--,0,0,0,0:00,0,0:00,No,00:00.0,--,0
Running,8/14/2014 17:15,FALSE,Untitled,,3.05,247,0:27:10,--,--,8:55,6:24,2,--,0,0,0,--,0,0,0,0:00,0,0:00,No,00:00.0,--,0
Running,6/27/2017 5:16,FALSE,Alameda Running,,3.04,245,0:26:42,186,195,8:46,6:14,--,6,0.99,0,0,--,0,0,0,0:00,0,0:00,No,00:00.0,--,0
Running,4/26/2017 5:20,FALSE,Alameda Running,,3.04,241,0:27:41,179,243,9:06,6:40,1,5,0.99,0,0,--,0,0,0,0:00,0,0:00,No,00:00.0,--,0
Running,8/9/2016 5:25,FALSE,Alameda Running,,3.04,248,0:27:24,180,193,9:01,6:36,--,4,0.99,0,0,--,0,0,0,0:00,0,0:00,No,00:00.0,--,0
Running,8/2/2016 5:24,FALSE,Alameda Running,,3.04,247,0:30:46,144,201,10:07,7:00,--,6,1.1,0,0,--,0,0,0,0:00,0,0:00,No,00:00.0,--,0
Running,10/30/2013 7:37,FALSE,Untitled,,3.04,258,0:24:35,--,--,8:05,2:57,55,51,0,0,0,--,0,0,0,0:00,0,0:00,No,00:00.0,--,0
Running,6/20/2017 5:22,FALSE,Alameda Running,,3.03,242,0:32:25,151,201,10:42,7:36,--,6,1,0,0,--,0,0,0,0:00,0,0:00,No,00:00.0,--,0
Running,5/10/2017 5:28,FALSE,Alameda Running,,3.03,244,0:27:03,187,193,8:56,6:17,--,6,0,0,0,--,0,0,0,0:00,0,0:00,No,00:00.0,--,0
Running,9/1/2016 5:25,FALSE,Alameda Running,,3.03,247,0:30:58,174,193,10:14,7:02,--,4,0.9,0,0,87,0,0,0,0:00,0,0:00,No,00:00.0,--,0
Running,7/26/2016 5:16,FALSE,Alameda Running,,3.03,246,0:27:32,178,195,9:05,7:21,--,7,0.99,0,0,--,0,0,0,0:00,0,0:00,No,00:00.0,--,0
Running,12/14/2013 8:53,FALSE,Untitled,,3.03,253,0:27:25,--,--,9:03,7:00,45,43,0,0,0,--,0,0,0,0:00,0,0:00,No,00:00.0,--,0
Running,10/3/2017 5:29,FALSE,Alameda Running,,3.02,238,0:28:46,186,195,9:32,7:29,--,4,0.91,0,0,--,0,0,0,0:00,0,0:00,No,00:00.0,--,0
Running,6/8/2017 5:20,FALSE,Alameda Running,,3.02,242,0:30:59,152,201,10:15,7:55,--,4,1.05,0,0,--,0,0,0,0:00,0,0:00,No,00:00.0,--,0
Running,4/25/2014 6:35,FALSE,Untitled,,3.02,244,0:26:20,--,--,8:44,6:13,--,1,0,0,0,--,0,0,0,0:00,0,0:00,No,00:00.0,--,0
Running,11/13/2013 7:26,FALSE,Untitled,,3.01,252,0:25:29,--,--,8:28,6:18,11,9,0,0,0,--,0,0,0,0:00,0,0:00,No,00:00.0,--,0
Running,10/5/2013 7:55,FALSE,Untitled,,3.01,258,0:26:14,--,--,8:44,6:01,119,114,0,0,0,--,0,0,0,0:00,0,0:00,No,00:00.0,--,0
Running,5/3/2017 5:27,FALSE,Alameda Running,,3,244,0:26:46,179,196,8:55,6:36,--,5,1.01,0,0,--,0,0,0,0:00,0,0:00,No,00:00.0,--,0
Running,5/17/2015 16:30,FALSE,treadmill running,,3,237,0:30:00,--,--,10:00,--,--,--,0,0,0,--,0,0,0,0:00,0,0:00,No,00:00.0,--,0
Running,7/23/2014 6:08,FALSE,Untitled,,3,244,0:26:05,--,--,8:41,7:28,4,2,0,0,0,--,0,0,0,0:00,0,0:00,No,00:00.0,--,0
Running,11/23/2013 8:29,FALSE,Untitled,,3,250,0:25:47,--,--,8:35,6:31,6,13,0,0,0,--,0,0,0,0:00,0,0:00,No,00:00.0,--,0
Running,9/28/2013 7:26,FALSE,Untitled,,3,252,0:28:47,--,--,9:35,6:50,58,50,0,0,0,--,0,0,0,0:00,0,0:00,No,00:00.0,--,0
Running,7/9/2015 6:50,FALSE,Alameda Running,,2.93,240,0:26:40,123,194,9:07,8:02,--,5,1.43,0,0,--,0,0,0,0:00,0,0:00,No,00:00.0,--,0
Running,10/25/2013 7:31,FALSE,Untitled,,2.91,249,0:24:13,--,--,8:20,5:16,24,29,0,0,0,--,0,0,0,0:00,0,0:00,No,00:00.0,--,0
Running,4/28/2016 5:34,FALSE,Alameda Running,,2.89,237,0:27:06,181,193,9:23,7:23,--,4,0.95,0,0,--,0,0,0,0:00,0,0:00,No,00:00.0,--,0
Running,3/2/2014 9:22,FALSE,Untitled,,2.84,232,0:26:21,--,--,9:16,7:34,--,--,0,0,0,--,0,0,0,0:00,0,0:00,No,00:00.0,--,0
Trail Running,7/26/2013 14:33,FALSE,Ragnar Tahoe Green,,2.78,203,0:39:33,--,--,14:12,5:59,771,610,0,0,0,--,0,0,0,0:00,0,0:00,No,00:00.0,--,0
Running,10/27/2013 9:54,FALSE,Untitled,,2.65,222,0:21:56,--,--,8:17,6:32,--,--,0,0,0,--,0,0,0,0:00,0,0:00,No,00:00.0,--,0
Running,9/26/2014 6:35,FALSE,Untitled,,2.57,208,0:19:32,--,--,7:35,6:34,--,--,0,0,0,--,0,0,0,0:00,0,0:00,No,00:00.0,--,0
Running,9/10/2014 6:30,FALSE,Untitled,,2.29,183,0:17:41,--,--,7:43,6:40,--,--,0,0,0,--,0,0,0,0:00,0,0:00,No,00:00.0,--,0
Running,4/12/2014 7:26,FALSE,Untitled,,2.26,182,0:18:28,--,--,8:11,7:05,21,32,0,0,0,--,0,0,0,0:00,0,0:00,No,00:00.0,--,0
Running,3/28/2015 7:24,FALSE,Alameda Running,,2.15,175,0:20:22,--,--,9:28,8:03,--,7,0,0,0,--,0,0,0,0:00,0,0:00,No,00:00.0,--,0
Running,6/10/2015 6:48,FALSE,Alameda Running,,2.14,175,0:20:06,123,193,9:24,8:24,--,3,1.39,0,0,--,0,0,0,0:00,0,0:00,No,00:00.0,--,0
Running,10/4/2017 5:27,FALSE,Alameda Running,,2.06,161,0:18:53,190,198,9:11,7:50,--,2,0.92,0,0,--,0,0,0,0:00,0,0:00,No,00:00.0,--,0
Running,3/16/2014 9:37,FALSE,Untitled,,2.06,169,0:15:16,--,--,7:25,8:30,15,14,0,0,0,--,0,0,0,0:00,0,0:00,No,00:00.0,--,0
Running,8/27/2014 6:16,FALSE,Untitled,,2.04,166,0:15:40,--,--,7:41,6:21,18,20,0,0,0,--,0,0,0,0:00,0,0:00,No,00:00.0,--,0
Running,7/26/2014 7:51,FALSE,Untitled,,2.03,165,0:18:17,--,--,9:01,8:11,--,--,0,0,0,--,0,0,0,0:00,0,0:00,No,00:00.0,--,0
Running,8/13/2014 6:21,FALSE,Untitled,,1.85,151,0:14:14,--,--,7:42,6:44,29,43,0,0,0,--,0,0,0,0:00,0,0:00,No,00:00.0,--,0
Running,11/1/2013 7:38,FALSE,Untitled,,1.7,143,0:14:03,--,--,8:15,6:08,8,5,0,0,0,--,0,0,0,0:00,0,0:00,No,00:00.0,--,0
Running,6/28/2014 10:01,FALSE,Untitled,,1.69,139,0:17:05,--,--,10:08,7:13,192,--,0,0,0,--,0,0,0,0:00,0,0:00,No,00:00.0,--,0
Running,5/3/2014 9:30,FALSE,Untitled,,1.59,130,0:14:34,--,--,9:11,8:02,3,--,0,0,0,--,0,0,0,0:00,0,0:00,No,00:00.0,--,0
Running,10/19/2013 9:07,FALSE,Untitled,,1.51,127,0:14:43,--,--,9:46,7:45,16,9,0,0,0,--,0,0,0,0:00,0,0:00,No,00:00.0,--,0
Running,4/19/2014 9:52,FALSE,Untitled,,1.39,113,0:11:58,--,--,8:38,6:24,49,63,0,0,0,--,0,0,0,0:00,0,0:00,No,00:00.0,--,0
Running,4/16/2014 7:56,FALSE,Untitled,,1,82,0:08:09,--,--,8:09,6:50,17,8,0,0,0,--,0,0,0,0:00,0,0:00,No,00:00.0,--,0
Running,9/26/2015 8:37,FALSE,Alameda Running,,0.43,28,08:23.1,122,131,19:25,0:37,--,--,0.68,0,0,--,0,0,0,0:00,0,0:00,No,00:00.0,--,0
Running,8/8/2015 10:24,FALSE,Berkeley Running,,0.42,30,08:05.3,101,182,19:20,0:29,114,--,0.83,0,0,--,0,0,0,0:00,0,0:00,No,00:00.0,--,0
Running,9/5/2015 8:53,FALSE,Alameda Running,,0.41,24,07:55.6,118,129,19:14,0:43,--,--,0.71,0,0,--,0,0,0,0:00,0,0:00,No,00:00.0,--,0
Running,9/19/2015 8:37,FALSE,Alameda Running,,0.31,20,05:47.9,120,133,18:46,5:22,--,--,0.71,0,0,--,0,0,0,0:00,0,0:00,No,00:00.0,--,0
Running,8/27/2014 6:40,FALSE,Untitled,,0.21,17,01:54.9,--,--,9:12,8:39,--,--,0,0,0,--,0,0,0,0:00,0,0:00,No,00:00.0,--,0
Running,8/4/2015 6:51,FALSE,Alameda Running,,0.19,13,03:26.5,106,134,18:31,0:37,--,--,0.82,0,0,--,0,0,0,0:00,0,0:00,No,00:00.0,--,0
Running,7/24/2015 22:09,FALSE,Oakland Running,,0.02,1,01:35.9,161,180,--,2:43,--,--,0.09,0,0,--,0,0,0,0:00,0,0:00,No,00:00.0,--,0
Running,5/17/2014 6:39,FALSE,Untitled,,0.01,1,0:00:49,--,--,59:43:00,36:40:00,--,--,0,0,0,--,0,0,0,0:00,0,0:00,No,00:00.0,--,0
Running,9/6/2017 18:31,FALSE,Oakland Running,,0,--,00:01.3,124,124,--,17:58,--,--,0,0,0,--,0,0,0,0:00,0,0:00,No,00:00.0,1,0
Running,10/25/2014 7:27,FALSE,"Running (jogging), 6.7 mph (9 min mile) - MyFitnessPal",,0,848,1:40:00,--,--,--,--,--,--,0,0,0,--,0,0,0,0:00,0,0:00,No,00:00.0,--,0
Running,9/27/2014 8:57,FALSE,"Running (jogging), 6.7 mph (9 min mile) - MyFitnessPal",,0,469,0:55:00,--,--,--,--,--,--,0,0,0,--,0,0,0,0:00,0,0:00,No,00:00.0,--,0
Running,9/27/2014 8:57,FALSE,"Running (jogging), 6 mph (10 min mile) - MyFitnessPal",,0,465,1:00:00,--,--,--,--,--,--,0,0,0,--,0,0,0,0:00,0,0:00,No,00:00.0,--,0
